0.10291,0,1,GM
0.10356,0,1,GM
0.10338,0,1,GM
0.10259,0,1,GM
0.1013,0,1,GM
0.099599,0,1,GM
0.097711,0,1,GM
0.095965,0,1,GM
0.094535,0,1,GM
0.093334,0,1,GM
0.092145,0,1,GM
0.090883,0,1,GM
0.089707,0,1,GM
0.088835,0,1,GM
0.088378,0,1,GM
0.088288,0,1,GM
0.088377,0,1,GM
0.088444,0,1,GM
0.088442,0,1,GM
0.088408,0,1,GM
0.088333,0,1,GM
0.088135,0,1,GM
0.08776,0,1,GM
0.087284,0,1,GM
0.086891,0,1,GM
0.086725,0,1,GM
0.086788,0,1,GM
0.086972,0,1,GM
0.087189,0,1,GM
0.087396,0,1,GM
0.08753,0,1,GM
0.087505,0,1,GM
0.087318,0,1,GM
0.087086,0,1,GM
0.086926,0,1,GM
0.086839,0,1,GM
0.08676,0,1,GM
0.086681,0,1,GM
0.086661,0,1,GM
0.086751,0,1,GM
0.086912,0,1,GM
0.087064,0,1,GM
0.087252,0,1,GM
0.087806,0,1,GM
0.089604,0,1,GM
0.093761,0,1,GM
0.10114,0,1,GM
0.11134,0,1,GM
0.12228,0,1,GM
0.13086,0,1,GM
0.1347,0,1,GM
0.13359,0,1,GM
0.12915,0,1,GM
0.12342,0,1,GM
0.11817,0,1,GM
0.11437,0,1,GM
0.11194,0,1,GM
0.11026,0,1,GM
0.10879,0,1,GM
0.10731,0,1,GM
0.10577,0,1,GM
0.10421,0,1,GM
0.10278,0,1,GM
0.10179,0,1,GM
0.1017,0,1,GM
0.10252,0,1,GM
0.095776,0,1,GM
0.067422,0,2,GM
0.06777,0,2,GM
0.067525,0,2,GM
0.066478,0,2,GM
0.065078,0,2,GM
0.064186,0,2,GM
0.064381,0,2,GM
0.065203,0,2,GM
0.065448,0,2,GM
0.064318,0,2,GM
0.06205,0,2,GM
0.059554,0,2,GM
0.057537,0,2,GM
0.056207,0,2,GM
0.055392,0,2,GM
0.05482,0,2,GM
0.054312,0,2,GM
0.053897,0,2,GM
0.053779,0,2,GM
0.054093,0,2,GM
0.054817,0,2,GM
0.055697,0,2,GM
0.056342,0,2,GM
0.05646,0,2,GM
0.056044,0,2,GM
0.05533,0,2,GM
0.054605,0,2,GM
0.054031,0,2,GM
0.05361,0,2,GM
0.053323,0,2,GM
0.053263,0,2,GM
0.05348,0,2,GM
0.053912,0,2,GM
0.054344,0,2,GM
0.054587,0,2,GM
0.054606,0,2,GM
0.054472,0,2,GM
0.054302,0,2,GM
0.054139,0,2,GM
0.053964,0,2,GM
0.053766,0,2,GM
0.053592,0,2,GM
0.053525,0,2,GM
0.053584,0,2,GM
0.053709,0,2,GM
0.053982,0,2,GM
0.054958,0,2,GM
0.057611,0,2,GM
0.063015,0,2,GM
0.071317,0,2,GM
0.081241,0,2,GM
0.090305,0,2,GM
0.095988,0,2,GM
0.097189,0,2,GM
0.094734,0,2,GM
0.090455,0,2,GM
0.085959,0,2,GM
0.082258,0,2,GM
0.07945,0,2,GM
0.07728,0,2,GM
0.075632,0,2,GM
0.074417,0,2,GM
0.073203,0,2,GM
0.071684,0,2,GM
0.069966,0,2,GM
0.068464,0,2,GM
0.061284,0,2,GM
0.067274,0,3,GM
0.066477,0,3,GM
0.065834,0,3,GM
0.065988,0,3,GM
0.066819,0,3,GM
0.067737,0,3,GM
0.068327,0,3,GM
0.068404,0,3,GM
0.067908,0,3,GM
0.066868,0,3,GM
0.065369,0,3,GM
0.063655,0,3,GM
0.062014,0,3,GM
0.06053,0,3,GM
0.05903,0,3,GM
0.057205,0,3,GM
0.055029,0,3,GM
0.05295,0,3,GM
0.051524,0,3,GM
0.050927,0,3,GM
0.051005,0,3,GM
0.051486,0,3,GM
0.052183,0,3,GM
0.052916,0,3,GM
0.053481,0,3,GM
0.053724,0,3,GM
0.053604,0,3,GM
0.053203,0,3,GM
0.052644,0,3,GM
0.052049,0,3,GM
0.051527,0,3,GM
0.051142,0,3,GM
0.05094,0,3,GM
0.050935,0,3,GM
0.051088,0,3,GM
0.051356,0,3,GM
0.051633,0,3,GM
0.051839,0,3,GM
0.05206,0,3,GM
0.052403,0,3,GM
0.052782,0,3,GM
0.052939,0,3,GM
0.052679,0,3,GM
0.052115,0,3,GM
0.051628,0,3,GM
0.051472,0,3,GM
0.051481,0,3,GM
0.051363,0,3,GM
0.051521,0,3,GM
0.053486,0,3,GM
0.05881,0,3,GM
0.067525,0,3,GM
0.077543,0,3,GM
0.085708,0,3,GM
0.089872,0,3,GM
0.090139,0,3,GM
0.088072,0,3,GM
0.085148,0,3,GM
0.082087,0,3,GM
0.078915,0,3,GM
0.075534,0,3,GM
0.072278,0,3,GM
0.069784,0,3,GM
0.068481,0,3,GM
0.068217,0,3,GM
0.068378,0,3,GM
0.060776,0,3,GM
0.065111,0,4,GM
0.065403,0,4,GM
0.065848,0,4,GM
0.066587,0,4,GM
0.067361,0,4,GM
0.067625,0,4,GM
0.066968,0,4,GM
0.065516,0,4,GM
0.06383,0,4,GM
0.062223,0,4,GM
0.06051,0,4,GM
0.058453,0,4,GM
0.056172,0,4,GM
0.054098,0,4,GM
0.052628,0,4,GM
0.051863,0,4,GM
0.051618,0,4,GM
0.051571,0,4,GM
0.051622,0,4,GM
0.051853,0,4,GM
0.052265,0,4,GM
0.052766,0,4,GM
0.053195,0,4,GM
0.053424,0,4,GM
0.053456,0,4,GM
0.053411,0,4,GM
0.053379,0,4,GM
0.053252,0,4,GM
0.052831,0,4,GM
0.052117,0,4,GM
0.05131,0,4,GM
0.050658,0,4,GM
0.050319,0,4,GM
0.050311,0,4,GM
0.050605,0,4,GM
0.051125,0,4,GM
0.051771,0,4,GM
0.052438,0,4,GM
0.053063,0,4,GM
0.053654,0,4,GM
0.054197,0,4,GM
0.054544,0,4,GM
0.054497,0,4,GM
0.054031,0,4,GM
0.053391,0,4,GM
0.053019,0,4,GM
0.053497,0,4,GM
0.05552,0,4,GM
0.059808,0,4,GM
0.066661,0,4,GM
0.075418,0,4,GM
0.084006,0,4,GM
0.089727,0,4,GM
0.090723,0,4,GM
0.087064,0,4,GM
0.080879,0,4,GM
0.074783,0,4,GM
0.070218,0,4,GM
0.067231,0,4,GM
0.065474,0,4,GM
0.064474,0,4,GM
0.063833,0,4,GM
0.063531,0,4,GM
0.063655,0,4,GM
0.064137,0,4,GM
0.064733,0,4,GM
0.058596,0,4,GM
0.076529,10,1,GM
0.07601,10,1,GM
0.076135,10,1,GM
0.076903,10,1,GM
0.077961,10,1,GM
0.07858,10,1,GM
0.078324,10,1,GM
0.077387,10,1,GM
0.07616,10,1,GM
0.074918,10,1,GM
0.07394,10,1,GM
0.072989,10,1,GM
0.071758,10,1,GM
0.070163,10,1,GM
0.06849,10,1,GM
0.067183,10,1,GM
0.066483,10,1,GM
0.066251,10,1,GM
0.066157,10,1,GM
0.066025,10,1,GM
0.065895,10,1,GM
0.065891,10,1,GM
0.066059,10,1,GM
0.066266,10,1,GM
0.066297,10,1,GM
0.066085,10,1,GM
0.065794,10,1,GM
0.065626,10,1,GM
0.065602,10,1,GM
0.065597,10,1,GM
0.065535,10,1,GM
0.065498,10,1,GM
0.065632,10,1,GM
0.066001,10,1,GM
0.066528,10,1,GM
0.067066,10,1,GM
0.067479,10,1,GM
0.067683,10,1,GM
0.067686,10,1,GM
0.067654,10,1,GM
0.06781,10,1,GM
0.068123,10,1,GM
0.068265,10,1,GM
0.068002,10,1,GM
0.067429,10,1,GM
0.066983,10,1,GM
0.067203,10,1,GM
0.06836,10,1,GM
0.070689,10,1,GM
0.074632,10,1,GM
0.080418,10,1,GM
0.087876,10,1,GM
0.095805,10,1,GM
0.10176,10,1,GM
0.1032,10,1,GM
0.099753,10,1,GM
0.093799,10,1,GM
0.088576,10,1,GM
0.085601,10,1,GM
0.083862,10,1,GM
0.082207,10,1,GM
0.080532,10,1,GM
0.079559,10,1,GM
0.079524,10,1,GM
0.079606,10,1,GM
0.07884,10,1,GM
0.072376,10,1,GM
0.093332,10,2,GM
0.093326,10,2,GM
0.093446,10,2,GM
0.093441,10,2,GM
0.09308,10,2,GM
0.092476,10,2,GM
0.092023,10,2,GM
0.092028,10,2,GM
0.092456,10,2,GM
0.092914,10,2,GM
0.092955,10,2,GM
0.092352,10,2,GM
0.091263,10,2,GM
0.090107,10,2,GM
0.089123,10,2,GM
0.088266,10,2,GM
0.087388,10,2,GM
0.086323,10,2,GM
0.084994,10,2,GM
0.083494,10,2,GM
0.08207,10,2,GM
0.081061,10,2,GM
0.080759,10,2,GM
0.081167,10,2,GM
0.082041,10,2,GM
0.082943,10,2,GM
0.083533,10,2,GM
0.08366,10,2,GM
0.083323,10,2,GM
0.082668,10,2,GM
0.081927,10,2,GM
0.081301,10,2,GM
0.080893,10,2,GM
0.080749,10,2,GM
0.080914,10,2,GM
0.081412,10,2,GM
0.082229,10,2,GM
0.083263,10,2,GM
0.084258,10,2,GM
0.084871,10,2,GM
0.084893,10,2,GM
0.084439,10,2,GM
0.083896,10,2,GM
0.083614,10,2,GM
0.083573,10,2,GM
0.083499,10,2,GM
0.083213,10,2,GM
0.082789,10,2,GM
0.082436,10,2,GM
0.082366,10,2,GM
0.08288,10,2,GM
0.084603,10,2,GM
0.088415,10,2,GM
0.094787,10,2,GM
0.10288,10,2,GM
0.11067,10,2,GM
0.11583,10,2,GM
0.11695,10,2,GM
0.11421,10,2,GM
0.10913,10,2,GM
0.10366,10,2,GM
0.099258,10,2,GM
0.096681,10,2,GM
0.095696,10,2,GM
0.09549,10,2,GM
0.095163,10,2,GM
0.088262,10,2,GM
0.073916,10,3,GM
0.074202,10,3,GM
0.07419,10,3,GM
0.073984,10,3,GM
0.073844,10,3,GM
0.073964,10,3,GM
0.07435,10,3,GM
0.07477,10,3,GM
0.074939,10,3,GM
0.074782,10,3,GM
0.074533,10,3,GM
0.074395,10,3,GM
0.074239,10,3,GM
0.073909,10,3,GM
0.073387,10,3,GM
0.072614,10,3,GM
0.071502,10,3,GM
0.070061,10,3,GM
0.068588,10,3,GM
0.067456,10,3,GM
0.066915,10,3,GM
0.067004,10,3,GM
0.067402,10,3,GM
0.067746,10,3,GM
0.067867,10,3,GM
0.067779,10,3,GM
0.06759,10,3,GM
0.067405,10,3,GM
0.067232,10,3,GM
0.067003,10,3,GM
0.066686,10,3,GM
0.066398,10,3,GM
0.066375,10,3,GM
0.066779,10,3,GM
0.067526,10,3,GM
0.068312,10,3,GM
0.068847,10,3,GM
0.069049,10,3,GM
0.069109,10,3,GM
0.069277,10,3,GM
0.069638,10,3,GM
0.070057,10,3,GM
0.070276,10,3,GM
0.07011,10,3,GM
0.069571,10,3,GM
0.068849,10,3,GM
0.068226,10,3,GM
0.068239,10,3,GM
0.069683,10,3,GM
0.073595,10,3,GM
0.080538,10,3,GM
0.0899,10,3,GM
0.099584,10,3,GM
0.10651,10,3,GM
0.10823,10,3,GM
0.1044,10,3,GM
0.097029,10,3,GM
0.089421,10,3,GM
0.084217,10,3,GM
0.082211,10,3,GM
0.081671,10,3,GM
0.080853,10,3,GM
0.079344,10,3,GM
0.077577,10,3,GM
0.076014,10,3,GM
0.07483,10,3,GM
0.069984,10,3,GM
0.067273,10,4,GM
0.068208,10,4,GM
0.069359,10,4,GM
0.070377,10,4,GM
0.071296,10,4,GM
0.072478,10,4,GM
0.074095,10,4,GM
0.075899,10,4,GM
0.077245,10,4,GM
0.077349,10,4,GM
0.075791,10,4,GM
0.072792,10,4,GM
0.069088,10,4,GM
0.065594,10,4,GM
0.063027,10,4,GM
0.061471,10,4,GM
0.060654,10,4,GM
0.060312,10,4,GM
0.060112,10,4,GM
0.059922,10,4,GM
0.059819,10,4,GM
0.059915,10,4,GM
0.06024,10,4,GM
0.060701,10,4,GM
0.061151,10,4,GM
0.061472,10,4,GM
0.061595,10,4,GM
0.061478,10,4,GM
0.061112,10,4,GM
0.060561,10,4,GM
0.059961,10,4,GM
0.059461,10,4,GM
0.059157,10,4,GM
0.05904,10,4,GM
0.059041,10,4,GM
0.059101,10,4,GM
0.059212,10,4,GM
0.059407,10,4,GM
0.059717,10,4,GM
0.060117,10,4,GM
0.060524,10,4,GM
0.060865,10,4,GM
0.061122,10,4,GM
0.061292,10,4,GM
0.061324,10,4,GM
0.06114,10,4,GM
0.060779,10,4,GM
0.060588,10,4,GM
0.061334,10,4,GM
0.063962,10,4,GM
0.068853,10,4,GM
0.075427,10,4,GM
0.082162,10,4,GM
0.08717,10,4,GM
0.089171,10,4,GM
0.088088,10,4,GM
0.084769,10,4,GM
0.080271,10,4,GM
0.075572,10,4,GM
0.071626,10,4,GM
0.069147,10,4,GM
0.068162,10,4,GM
0.068039,10,4,GM
0.068054,10,4,GM
0.067855,10,4,GM
0.067523,10,4,GM
0.062997,10,4,GM
0.0626,20,1,GM
0.061948,20,1,GM
0.061373,20,1,GM
0.060726,20,1,GM
0.059956,20,1,GM
0.059225,20,1,GM
0.058758,20,1,GM
0.058687,20,1,GM
0.058895,20,1,GM
0.059115,20,1,GM
0.059178,20,1,GM
0.058922,20,1,GM
0.058247,20,1,GM
0.057187,20,1,GM
0.055969,20,1,GM
0.054928,20,1,GM
0.054334,20,1,GM
0.054258,20,1,GM
0.054474,20,1,GM
0.054691,20,1,GM
0.054692,20,1,GM
0.054461,20,1,GM
0.054121,20,1,GM
0.053795,20,1,GM
0.053553,20,1,GM
0.053422,20,1,GM
0.053414,20,1,GM
0.053522,20,1,GM
0.053722,20,1,GM
0.053986,20,1,GM
0.054257,20,1,GM
0.054481,20,1,GM
0.054717,20,1,GM
0.055109,20,1,GM
0.055668,20,1,GM
0.056201,20,1,GM
0.056432,20,1,GM
0.056217,20,1,GM
0.055691,20,1,GM
0.055124,20,1,GM
0.054684,20,1,GM
0.05434,20,1,GM
0.053973,20,1,GM
0.053586,20,1,GM
0.053625,20,1,GM
0.055241,20,1,GM
0.059878,20,1,GM
0.068197,20,1,GM
0.079295,20,1,GM
0.090258,20,1,GM
0.097278,20,1,GM
0.098021,20,1,GM
0.09333,20,1,GM
0.086589,20,1,GM
0.081155,20,1,GM
0.07813,20,1,GM
0.076828,20,1,GM
0.076177,20,1,GM
0.075275,20,1,GM
0.073574,20,1,GM
0.071242,20,1,GM
0.068924,20,1,GM
0.067154,20,1,GM
0.066041,20,1,GM
0.065373,20,1,GM
0.064748,20,1,GM
0.059066,20,1,GM
0.068861,20,2,GM
0.068776,20,2,GM
0.06889,20,2,GM
0.069145,20,2,GM
0.069364,20,2,GM
0.069397,20,2,GM
0.069142,20,2,GM
0.068555,20,2,GM
0.067765,20,2,GM
0.067138,20,2,GM
0.066959,20,2,GM
0.067082,20,2,GM
0.067012,20,2,GM
0.06642,20,2,GM
0.065362,20,2,GM
0.06422,20,2,GM
0.063378,20,2,GM
0.062984,20,2,GM
0.06297,20,2,GM
0.063094,20,2,GM
0.063158,20,2,GM
0.063055,20,2,GM
0.062804,20,2,GM
0.062535,20,2,GM
0.062366,20,2,GM
0.062338,20,2,GM
0.06241,20,2,GM
0.062498,20,2,GM
0.062513,20,2,GM
0.062428,20,2,GM
0.062331,20,2,GM
0.062397,20,2,GM
0.062773,20,2,GM
0.063531,20,2,GM
0.064637,20,2,GM
0.06582,20,2,GM
0.066718,20,2,GM
0.06711,20,2,GM
0.067037,20,2,GM
0.066652,20,2,GM
0.066037,20,2,GM
0.065246,20,2,GM
0.064449,20,2,GM
0.064072,20,2,GM
0.065093,20,2,GM
0.068476,20,2,GM
0.074885,20,2,GM
0.083994,20,2,GM
0.094117,20,2,GM
0.10265,20,2,GM
0.10687,20,2,GM
0.1052,20,2,GM
0.098557,20,2,GM
0.090135,20,2,GM
0.083561,20,2,GM
0.080534,20,2,GM
0.080162,20,2,GM
0.080224,20,2,GM
0.079394,20,2,GM
0.077667,20,2,GM
0.075598,20,2,GM
0.073683,20,2,GM
0.072238,20,2,GM
0.071285,20,2,GM
0.070602,20,2,GM
0.069971,20,2,GM
0.065665,20,2,GM
0.069018,20,3,GM
0.068252,20,3,GM
0.067234,20,3,GM
0.066522,20,3,GM
0.066472,20,3,GM
0.067025,20,3,GM
0.067767,20,3,GM
0.068287,20,3,GM
0.068258,20,3,GM
0.067563,20,3,GM
0.06643,20,3,GM
0.065258,20,3,GM
0.064357,20,3,GM
0.063839,20,3,GM
0.063588,20,3,GM
0.063477,20,3,GM
0.063581,20,3,GM
0.063963,20,3,GM
0.064587,20,3,GM
0.065193,20,3,GM
0.065421,20,3,GM
0.065099,20,3,GM
0.064353,20,3,GM
0.063494,20,3,GM
0.062807,20,3,GM
0.062355,20,3,GM
0.06204,20,3,GM
0.061783,20,3,GM
0.061654,20,3,GM
0.061753,20,3,GM
0.062087,20,3,GM
0.062527,20,3,GM
0.062888,20,3,GM
0.063102,20,3,GM
0.063261,20,3,GM
0.063512,20,3,GM
0.063962,20,3,GM
0.064651,20,3,GM
0.065512,20,3,GM
0.066313,20,3,GM
0.066736,20,3,GM
0.066576,20,3,GM
0.065924,20,3,GM
0.065119,20,3,GM
0.064605,20,3,GM
0.064858,20,3,GM
0.066473,20,3,GM
0.06984,20,3,GM
0.075014,20,3,GM
0.081444,20,3,GM
0.088037,20,3,GM
0.09346,20,3,GM
0.096379,20,3,GM
0.095908,20,3,GM
0.092166,20,3,GM
0.086618,20,3,GM
0.08168,20,3,GM
0.079386,20,3,GM
0.079847,20,3,GM
0.080932,20,3,GM
0.080305,20,3,GM
0.077462,20,3,GM
0.073767,20,3,GM
0.07098,20,3,GM
0.069835,20,3,GM
0.069737,20,3,GM
0.065759,20,3,GM
0.063579,20,4,GM
0.063151,20,4,GM
0.062416,20,4,GM
0.061444,20,4,GM
0.060371,20,4,GM
0.059444,20,4,GM
0.058844,20,4,GM
0.058582,20,4,GM
0.058612,20,4,GM
0.058852,20,4,GM
0.059234,20,4,GM
0.059683,20,4,GM
0.060009,20,4,GM
0.060004,20,4,GM
0.059688,20,4,GM
0.059288,20,4,GM
0.059018,20,4,GM
0.058851,20,4,GM
0.05853,20,4,GM
0.057868,20,4,GM
0.056928,20,4,GM
0.055991,20,4,GM
0.055352,20,4,GM
0.055093,20,4,GM
0.055053,20,4,GM
0.054988,20,4,GM
0.054755,20,4,GM
0.054394,20,4,GM
0.054063,20,4,GM
0.053891,20,4,GM
0.053895,20,4,GM
0.053992,20,4,GM
0.054065,20,4,GM
0.054023,20,4,GM
0.053832,20,4,GM
0.053536,20,4,GM
0.053266,20,4,GM
0.053173,20,4,GM
0.053325,20,4,GM
0.053692,20,4,GM
0.054171,20,4,GM
0.054713,20,4,GM
0.055376,20,4,GM
0.056254,20,4,GM
0.057308,20,4,GM
0.058288,20,4,GM
0.058849,20,4,GM
0.058758,20,4,GM
0.058068,20,4,GM
0.057222,20,4,GM
0.05698,20,4,GM
0.058111,20,4,GM
0.061117,20,4,GM
0.066104,20,4,GM
0.07262,20,4,GM
0.079706,20,4,GM
0.085915,20,4,GM
0.08963,20,4,GM
0.089816,20,4,GM
0.086631,20,4,GM
0.081229,20,4,GM
0.075196,20,4,GM
0.069899,20,4,GM
0.066195,20,4,GM
0.064502,20,4,GM
0.064101,20,4,GM
0.058889,20,4,GM
0.064981,30,1,GM
0.062952,30,1,GM
0.062084,30,1,GM
0.061916,30,1,GM
0.061882,30,1,GM
0.061736,30,1,GM
0.0615,30,1,GM
0.061224,30,1,GM
0.06082,30,1,GM
0.060308,30,1,GM
0.059928,30,1,GM
0.059801,30,1,GM
0.059749,30,1,GM
0.059435,30,1,GM
0.058764,30,1,GM
0.057972,30,1,GM
0.057255,30,1,GM
0.056499,30,1,GM
0.05554,30,1,GM
0.054471,30,1,GM
0.053632,30,1,GM
0.053245,30,1,GM
0.053266,30,1,GM
0.053427,30,1,GM
0.053491,30,1,GM
0.0534,30,1,GM
0.053229,30,1,GM
0.05308,30,1,GM
0.052992,30,1,GM
0.052931,30,1,GM
0.052872,30,1,GM
0.052852,30,1,GM
0.052962,30,1,GM
0.053319,30,1,GM
0.053966,30,1,GM
0.054817,30,1,GM
0.055672,30,1,GM
0.056397,30,1,GM
0.056969,30,1,GM
0.057382,30,1,GM
0.057592,30,1,GM
0.057594,30,1,GM
0.057425,30,1,GM
0.057141,30,1,GM
0.056825,30,1,GM
0.056555,30,1,GM
0.056401,30,1,GM
0.05636,30,1,GM
0.056459,30,1,GM
0.057069,30,1,GM
0.0591,30,1,GM
0.063588,30,1,GM
0.070618,30,1,GM
0.078958,30,1,GM
0.086193,30,1,GM
0.08974,30,1,GM
0.088456,30,1,GM
0.083658,30,1,GM
0.078384,30,1,GM
0.075108,30,1,GM
0.074397,30,1,GM
0.075143,30,1,GM
0.075951,30,1,GM
0.075715,30,1,GM
0.074035,30,1,GM
0.07115,30,1,GM
0.062242,30,1,GM
0.065075,30,2,GM
0.064864,30,2,GM
0.065054,30,2,GM
0.065355,30,2,GM
0.065542,30,2,GM
0.065467,30,2,GM
0.065161,30,2,GM
0.064843,30,2,GM
0.064739,30,2,GM
0.064846,30,2,GM
0.06489,30,2,GM
0.064601,30,2,GM
0.06394,30,2,GM
0.063115,30,2,GM
0.062433,30,2,GM
0.06212,30,2,GM
0.062223,30,2,GM
0.062589,30,2,GM
0.062937,30,2,GM
0.063033,30,2,GM
0.062825,30,2,GM
0.062456,30,2,GM
0.06216,30,2,GM
0.062101,30,2,GM
0.062256,30,2,GM
0.062451,30,2,GM
0.06253,30,2,GM
0.062477,30,2,GM
0.062434,30,2,GM
0.062571,30,2,GM
0.062907,30,2,GM
0.063316,30,2,GM
0.063653,30,2,GM
0.06391,30,2,GM
0.06425,30,2,GM
0.064829,30,2,GM
0.065566,30,2,GM
0.066209,30,2,GM
0.066487,30,2,GM
0.066252,30,2,GM
0.065557,30,2,GM
0.064581,30,2,GM
0.063559,30,2,GM
0.062819,30,2,GM
0.063005,30,2,GM
0.065089,30,2,GM
0.069801,30,2,GM
0.077431,30,2,GM
0.087018,30,2,GM
0.096285,30,2,GM
0.10215,30,2,GM
0.10229,30,2,GM
0.096727,30,2,GM
0.08826,30,2,GM
0.080921,30,2,GM
0.07713,30,2,GM
0.076334,30,2,GM
0.07642,30,2,GM
0.07566,30,2,GM
0.073939,30,2,GM
0.072026,30,2,GM
0.070619,30,2,GM
0.069808,30,2,GM
0.06921,30,2,GM
0.068369,30,2,GM
0.067157,30,2,GM
0.063637,30,2,GM
0.079264,30,3,GM
0.078354,30,3,GM
0.077799,30,3,GM
0.077578,30,3,GM
0.077593,30,3,GM
0.077716,30,3,GM
0.077829,30,3,GM
0.077911,30,3,GM
0.078029,30,3,GM
0.078122,30,3,GM
0.077997,30,3,GM
0.077514,30,3,GM
0.07677,30,3,GM
0.076013,30,3,GM
0.075466,30,3,GM
0.075205,30,3,GM
0.075123,30,3,GM
0.07508,30,3,GM
0.075041,30,3,GM
0.075052,30,3,GM
0.075123,30,3,GM
0.075184,30,3,GM
0.075147,30,3,GM
0.075019,30,3,GM
0.074927,30,3,GM
0.074993,30,3,GM
0.075192,30,3,GM
0.075384,30,3,GM
0.075421,30,3,GM
0.075247,30,3,GM
0.074946,30,3,GM
0.074672,30,3,GM
0.074542,30,3,GM
0.074593,30,3,GM
0.074815,30,3,GM
0.075202,30,3,GM
0.075755,30,3,GM
0.076447,30,3,GM
0.077237,30,3,GM
0.078106,30,3,GM
0.079047,30,3,GM
0.079956,30,3,GM
0.080579,30,3,GM
0.080733,30,3,GM
0.080453,30,3,GM
0.07992,30,3,GM
0.079401,30,3,GM
0.079279,30,3,GM
0.080124,30,3,GM
0.082526,30,3,GM
0.086563,30,3,GM
0.091807,30,3,GM
0.097021,30,3,GM
0.10061,30,3,GM
0.10151,30,3,GM
0.099727,30,3,GM
0.096185,30,3,GM
0.092213,30,3,GM
0.089092,30,3,GM
0.087547,30,3,GM
0.087304,30,3,GM
0.087505,30,3,GM
0.08725,30,3,GM
0.086079,30,3,GM
0.084204,30,3,GM
0.082203,30,3,GM
0.077607,30,3,GM
0.061619,30,4,GM
0.062025,30,4,GM
0.061774,30,4,GM
0.061024,30,4,GM
0.060244,30,4,GM
0.05984,30,4,GM
0.059907,30,4,GM
0.060242,30,4,GM
0.060471,30,4,GM
0.060345,30,4,GM
0.059824,30,4,GM
0.059059,30,4,GM
0.058269,30,4,GM
0.057626,30,4,GM
0.057202,30,4,GM
0.057007,30,4,GM
0.057018,30,4,GM
0.057151,30,4,GM
0.057317,30,4,GM
0.057427,30,4,GM
0.057421,30,4,GM
0.057307,30,4,GM
0.057167,30,4,GM
0.057067,30,4,GM
0.057008,30,4,GM
0.05693,30,4,GM
0.056767,30,4,GM
0.056511,30,4,GM
0.056232,30,4,GM
0.056023,30,4,GM
0.055942,30,4,GM
0.055989,30,4,GM
0.056108,30,4,GM
0.056277,30,4,GM
0.056478,30,4,GM
0.056726,30,4,GM
0.057078,30,4,GM
0.057567,30,4,GM
0.058145,30,4,GM
0.058679,30,4,GM
0.059018,30,4,GM
0.059063,30,4,GM
0.05883,30,4,GM
0.058424,30,4,GM
0.057926,30,4,GM
0.057338,30,4,GM
0.0567,30,4,GM
0.056292,30,4,GM
0.056636,30,4,GM
0.058578,30,4,GM
0.062675,30,4,GM
0.068572,30,4,GM
0.075012,30,4,GM
0.080138,30,4,GM
0.082387,30,4,GM
0.081248,30,4,GM
0.077442,30,4,GM
0.072584,30,4,GM
0.068487,30,4,GM
0.066277,30,4,GM
0.065685,30,4,GM
0.065402,30,4,GM
0.064426,30,4,GM
0.062852,30,4,GM
0.061478,30,4,GM
0.0609,30,4,GM
0.057833,30,4,GM
0.22936,0,1,GSM
0.24006,0,1,GSM
0.24171,0,1,GSM
0.23266,0,1,GSM
0.21685,0,1,GSM
0.20076,0,1,GSM
0.18888,0,1,GSM
0.18135,0,1,GSM
0.17366,0,1,GSM
0.1607,0,1,GSM
0.14171,0,1,GSM
0.12078,0,1,GSM
0.10347,0,1,GSM
0.093826,0,1,GSM
0.090232,0,1,GSM
0.090118,0,1,GSM
0.09116,0,1,GSM
0.092016,0,1,GSM
0.092545,0,1,GSM
0.092986,0,1,GSM
0.09343,0,1,GSM
0.093779,0,1,GSM
0.094155,0,1,GSM
0.095054,0,1,GSM
0.096755,0,1,GSM
0.098645,0,1,GSM
0.09956,0,1,GSM
0.098572,0,1,GSM
0.095917,0,1,GSM
0.092958,0,1,GSM
0.091148,0,1,GSM
0.090993,0,1,GSM
0.091775,0,1,GSM
0.092504,0,1,GSM
0.092775,0,1,GSM
0.092675,0,1,GSM
0.09255,0,1,GSM
0.092697,0,1,GSM
0.093411,0,1,GSM
0.09446,0,1,GSM
0.095591,0,1,GSM
0.096279,0,1,GSM
0.096003,0,1,GSM
0.094808,0,1,GSM
0.093457,0,1,GSM
0.092813,0,1,GSM
0.093174,0,1,GSM
0.094197,0,1,GSM
0.095053,0,1,GSM
0.095141,0,1,GSM
0.094531,0,1,GSM
0.09378,0,1,GSM
0.093325,0,1,GSM
0.093034,0,1,GSM
0.092457,0,1,GSM
0.091625,0,1,GSM
0.092713,0,1,GSM
0.098035,0,1,GSM
0.10782,0,1,GSM
0.12423,0,1,GSM
0.14408,0,1,GSM
0.16324,0,1,GSM
0.18096,0,1,GSM
0.19747,0,1,GSM
0.21153,0,1,GSM
0.2223,0,1,GSM
0.17359,0,1,GSM
0.10377,0,2,GSM
0.11198,0,2,GSM
0.1234,0,2,GSM
0.13676,0,2,GSM
0.15151,0,2,GSM
0.17208,0,2,GSM
0.19965,0,2,GSM
0.22825,0,2,GSM
0.24559,0,2,GSM
0.24001,0,2,GSM
0.21193,0,2,GSM
0.17288,0,2,GSM
0.1346,0,2,GSM
0.10272,0,2,GSM
0.078985,0,2,GSM
0.06429,0,2,GSM
0.058029,0,2,GSM
0.056508,0,2,GSM
0.058319,0,2,GSM
0.060663,0,2,GSM
0.062216,0,2,GSM
0.062305,0,2,GSM
0.060954,0,2,GSM
0.058826,0,2,GSM
0.057531,0,2,GSM
0.058856,0,2,GSM
0.063571,0,2,GSM
0.070104,0,2,GSM
0.075244,0,2,GSM
0.076146,0,2,GSM
0.072386,0,2,GSM
0.065918,0,2,GSM
0.059733,0,2,GSM
0.055808,0,2,GSM
0.054409,0,2,GSM
0.054749,0,2,GSM
0.055516,0,2,GSM
0.056114,0,2,GSM
0.056432,0,2,GSM
0.056532,0,2,GSM
0.056449,0,2,GSM
0.056261,0,2,GSM
0.056257,0,2,GSM
0.056678,0,2,GSM
0.057356,0,2,GSM
0.057927,0,2,GSM
0.05822,0,2,GSM
0.058436,0,2,GSM
0.058991,0,2,GSM
0.060107,0,2,GSM
0.061506,0,2,GSM
0.062499,0,2,GSM
0.062519,0,2,GSM
0.061586,0,2,GSM
0.060217,0,2,GSM
0.059232,0,2,GSM
0.059166,0,2,GSM
0.060336,0,2,GSM
0.062682,0,2,GSM
0.065765,0,2,GSM
0.069026,0,2,GSM
0.072374,0,2,GSM
0.07667,0,2,GSM
0.083352,0,2,GSM
0.092144,0,2,GSM
0.1001,0,2,GSM
0.083431,0,2,GSM
0.098696,0,3,GSM
0.11548,0,3,GSM
0.12916,0,3,GSM
0.14083,0,3,GSM
0.1552,0,3,GSM
0.17588,0,3,GSM
0.20173,0,3,GSM
0.22892,0,3,GSM
0.25254,0,3,GSM
0.26759,0,3,GSM
0.2696,0,3,GSM
0.25686,0,3,GSM
0.2311,0,3,GSM
0.19531,0,3,GSM
0.15385,0,3,GSM
0.11411,0,3,GSM
0.083772,0,3,GSM
0.066449,0,3,GSM
0.058596,0,3,GSM
0.056327,0,3,GSM
0.05711,0,3,GSM
0.05871,0,3,GSM
0.059816,0,3,GSM
0.059787,0,3,GSM
0.058325,0,3,GSM
0.055936,0,3,GSM
0.054151,0,3,GSM
0.054384,0,3,GSM
0.057123,0,3,GSM
0.061825,0,3,GSM
0.066889,0,3,GSM
0.070441,0,3,GSM
0.071084,0,3,GSM
0.068542,0,3,GSM
0.063893,0,3,GSM
0.058962,0,3,GSM
0.055291,0,3,GSM
0.053681,0,3,GSM
0.053788,0,3,GSM
0.054899,0,3,GSM
0.056219,0,3,GSM
0.057266,0,3,GSM
0.057862,0,3,GSM
0.058027,0,3,GSM
0.057889,0,3,GSM
0.05771,0,3,GSM
0.057778,0,3,GSM
0.05818,0,3,GSM
0.058686,0,3,GSM
0.059044,0,3,GSM
0.059354,0,3,GSM
0.059989,0,3,GSM
0.060977,0,3,GSM
0.061894,0,3,GSM
0.062319,0,3,GSM
0.06202,0,3,GSM
0.060924,0,3,GSM
0.059172,0,3,GSM
0.057223,0,3,GSM
0.055961,0,3,GSM
0.055873,0,3,GSM
0.056841,0,3,GSM
0.058245,0,3,GSM
0.060387,0,3,GSM
0.06503,0,3,GSM
0.074609,0,3,GSM
0.068087,0,3,GSM
0.17253,0,4,GSM
0.18859,0,4,GSM
0.20634,0,4,GSM
0.22233,0,4,GSM
0.23557,0,4,GSM
0.24658,0,4,GSM
0.25369,0,4,GSM
0.25419,0,4,GSM
0.24752,0,4,GSM
0.23294,0,4,GSM
0.20962,0,4,GSM
0.17982,0,4,GSM
0.14846,0,4,GSM
0.12034,0,4,GSM
0.097908,0,4,GSM
0.081048,0,4,GSM
0.069668,0,4,GSM
0.063484,0,4,GSM
0.060153,0,4,GSM
0.059493,0,4,GSM
0.060156,0,4,GSM
0.060788,0,4,GSM
0.059869,0,4,GSM
0.058279,0,4,GSM
0.05674,0,4,GSM
0.056191,0,4,GSM
0.057272,0,4,GSM
0.060075,0,4,GSM
0.064027,0,4,GSM
0.067547,0,4,GSM
0.069054,0,4,GSM
0.067848,0,4,GSM
0.064366,0,4,GSM
0.059912,0,4,GSM
0.056049,0,4,GSM
0.053859,0,4,GSM
0.053656,0,4,GSM
0.054933,0,4,GSM
0.056835,0,4,GSM
0.058581,0,4,GSM
0.059851,0,4,GSM
0.060648,0,4,GSM
0.06115,0,4,GSM
0.061503,0,4,GSM
0.061718,0,4,GSM
0.061624,0,4,GSM
0.061023,0,4,GSM
0.060044,0,4,GSM
0.059251,0,4,GSM
0.059247,0,4,GSM
0.060103,0,4,GSM
0.061278,0,4,GSM
0.06228,0,4,GSM
0.063153,0,4,GSM
0.064654,0,4,GSM
0.067547,0,4,GSM
0.071686,0,4,GSM
0.075976,0,4,GSM
0.079871,0,4,GSM
0.084748,0,4,GSM
0.092662,0,4,GSM
0.1056,0,4,GSM
0.12257,0,4,GSM
0.13986,0,4,GSM
0.15413,0,4,GSM
0.16466,0,4,GSM
0.12413,0,4,GSM
0.15416,10,1,GSM
0.15066,10,1,GSM
0.14398,10,1,GSM
0.1401,10,1,GSM
0.14422,10,1,GSM
0.15549,10,1,GSM
0.16845,10,1,GSM
0.17703,10,1,GSM
0.17556,10,1,GSM
0.16241,10,1,GSM
0.14219,10,1,GSM
0.12315,10,1,GSM
0.11014,10,1,GSM
0.10109,10,1,GSM
0.092002,10,1,GSM
0.083175,10,1,GSM
0.076225,10,1,GSM
0.071897,10,1,GSM
0.069418,10,1,GSM
0.068871,10,1,GSM
0.069213,10,1,GSM
0.069808,10,1,GSM
0.07039,10,1,GSM
0.070775,10,1,GSM
0.070776,10,1,GSM
0.070516,10,1,GSM
0.070311,10,1,GSM
0.070462,10,1,GSM
0.071041,10,1,GSM
0.071734,10,1,GSM
0.071998,10,1,GSM
0.071484,10,1,GSM
0.070315,10,1,GSM
0.069005,10,1,GSM
0.068073,10,1,GSM
0.067703,10,1,GSM
0.067693,10,1,GSM
0.06774,10,1,GSM
0.067725,10,1,GSM
0.067716,10,1,GSM
0.067798,10,1,GSM
0.068007,10,1,GSM
0.068353,10,1,GSM
0.068784,10,1,GSM
0.069131,10,1,GSM
0.069169,10,1,GSM
0.068852,10,1,GSM
0.068393,10,1,GSM
0.068114,10,1,GSM
0.068174,10,1,GSM
0.068497,10,1,GSM
0.069017,10,1,GSM
0.069667,10,1,GSM
0.070302,10,1,GSM
0.070916,10,1,GSM
0.071688,10,1,GSM
0.072647,10,1,GSM
0.073911,10,1,GSM
0.076176,10,1,GSM
0.081994,10,1,GSM
0.094405,10,1,GSM
0.1132,10,1,GSM
0.13401,10,1,GSM
0.14997,10,1,GSM
0.15776,10,1,GSM
0.1595,10,1,GSM
0.12316,10,1,GSM
0.11988,10,2,GSM
0.13083,10,2,GSM
0.14223,10,2,GSM
0.15788,10,2,GSM
0.18022,10,2,GSM
0.20649,10,2,GSM
0.22845,10,2,GSM
0.2365,10,2,GSM
0.2258,10,2,GSM
0.20104,10,2,GSM
0.1742,10,2,GSM
0.15527,10,2,GSM
0.14477,10,2,GSM
0.13754,10,2,GSM
0.12861,10,2,GSM
0.11626,10,2,GSM
0.10253,10,2,GSM
0.091225,10,2,GSM
0.084955,10,2,GSM
0.082873,10,2,GSM
0.083204,10,2,GSM
0.084039,10,2,GSM
0.084504,10,2,GSM
0.084783,10,2,GSM
0.085356,10,2,GSM
0.086217,10,2,GSM
0.086983,10,2,GSM
0.087337,10,2,GSM
0.087339,10,2,GSM
0.087444,10,2,GSM
0.088141,10,2,GSM
0.089606,10,2,GSM
0.091447,10,2,GSM
0.09276,10,2,GSM
0.092812,10,2,GSM
0.091264,10,2,GSM
0.088492,10,2,GSM
0.085625,10,2,GSM
0.083803,10,2,GSM
0.083414,10,2,GSM
0.084138,10,2,GSM
0.085192,10,2,GSM
0.085961,10,2,GSM
0.086183,10,2,GSM
0.085931,10,2,GSM
0.085583,10,2,GSM
0.085536,10,2,GSM
0.085862,10,2,GSM
0.086256,10,2,GSM
0.086299,10,2,GSM
0.08582,10,2,GSM
0.085071,10,2,GSM
0.084542,10,2,GSM
0.084611,10,2,GSM
0.08527,10,2,GSM
0.086118,10,2,GSM
0.086674,10,2,GSM
0.086759,10,2,GSM
0.086595,10,2,GSM
0.086516,10,2,GSM
0.086731,10,2,GSM
0.087262,10,2,GSM
0.088458,10,2,GSM
0.090904,10,2,GSM
0.09577,10,2,GSM
0.10366,10,2,GSM
0.096501,10,2,GSM
0.21293,10,3,GSM
0.21649,10,3,GSM
0.20673,10,3,GSM
0.18927,10,3,GSM
0.1729,10,3,GSM
0.16212,10,3,GSM
0.15442,10,3,GSM
0.14534,10,3,GSM
0.1329,10,3,GSM
0.11875,10,3,GSM
0.10618,10,3,GSM
0.09751,10,3,GSM
0.092218,10,3,GSM
0.088528,10,3,GSM
0.084727,10,3,GSM
0.080033,10,3,GSM
0.075212,10,3,GSM
0.071302,10,3,GSM
0.06894,10,3,GSM
0.068372,10,3,GSM
0.069254,10,3,GSM
0.071216,10,3,GSM
0.073331,10,3,GSM
0.074709,10,3,GSM
0.075046,10,3,GSM
0.074786,10,3,GSM
0.07481,10,3,GSM
0.075761,10,3,GSM
0.077452,10,3,GSM
0.079048,10,3,GSM
0.079565,10,3,GSM
0.078405,10,3,GSM
0.075814,10,3,GSM
0.072809,10,3,GSM
0.070544,10,3,GSM
0.069604,10,3,GSM
0.069781,10,3,GSM
0.070581,10,3,GSM
0.071639,10,3,GSM
0.072742,10,3,GSM
0.073752,10,3,GSM
0.07459,10,3,GSM
0.075265,10,3,GSM
0.075769,10,3,GSM
0.076004,10,3,GSM
0.075841,10,3,GSM
0.075255,10,3,GSM
0.074381,10,3,GSM
0.073401,10,3,GSM
0.072484,10,3,GSM
0.071828,10,3,GSM
0.071611,10,3,GSM
0.07186,10,3,GSM
0.072331,10,3,GSM
0.072698,10,3,GSM
0.073077,10,3,GSM
0.073653,10,3,GSM
0.074828,10,3,GSM
0.076901,10,3,GSM
0.080569,10,3,GSM
0.086713,10,3,GSM
0.09712,10,3,GSM
0.11321,10,3,GSM
0.13532,10,3,GSM
0.16215,10,3,GSM
0.18953,10,3,GSM
0.15059,10,3,GSM
0.19382,10,4,GSM
0.20327,10,4,GSM
0.2068,10,4,GSM
0.20424,10,4,GSM
0.19613,10,4,GSM
0.18492,10,4,GSM
0.17384,10,4,GSM
0.16438,10,4,GSM
0.15562,10,4,GSM
0.14594,10,4,GSM
0.13455,10,4,GSM
0.12161,10,4,GSM
0.10818,10,4,GSM
0.095815,10,4,GSM
0.085564,10,4,GSM
0.077676,10,4,GSM
0.071581,10,4,GSM
0.066809,10,4,GSM
0.063426,10,4,GSM
0.061482,10,4,GSM
0.061087,10,4,GSM
0.062152,10,4,GSM
0.063996,10,4,GSM
0.065856,10,4,GSM
0.067171,10,4,GSM
0.067936,10,4,GSM
0.068723,10,4,GSM
0.07012,10,4,GSM
0.072174,10,4,GSM
0.074268,10,4,GSM
0.075422,10,4,GSM
0.074885,10,4,GSM
0.072626,10,4,GSM
0.069331,10,4,GSM
0.066049,10,4,GSM
0.063662,10,4,GSM
0.062537,10,4,GSM
0.062519,10,4,GSM
0.063205,10,4,GSM
0.064286,10,4,GSM
0.065583,10,4,GSM
0.066966,10,4,GSM
0.068287,10,4,GSM
0.06939,10,4,GSM
0.070155,10,4,GSM
0.070462,10,4,GSM
0.070137,10,4,GSM
0.069091,10,4,GSM
0.067561,10,4,GSM
0.066114,10,4,GSM
0.065317,10,4,GSM
0.065393,10,4,GSM
0.066155,10,4,GSM
0.067154,10,4,GSM
0.067878,10,4,GSM
0.068051,10,4,GSM
0.067825,10,4,GSM
0.067737,10,4,GSM
0.068527,10,4,GSM
0.070984,10,4,GSM
0.076478,10,4,GSM
0.086264,10,4,GSM
0.10118,10,4,GSM
0.12129,10,4,GSM
0.14451,10,4,GSM
0.16722,10,4,GSM
0.13246,10,4,GSM
0.12451,20,1,GSM
0.13383,20,1,GSM
0.14909,20,1,GSM
0.16457,20,1,GSM
0.174,20,1,GSM
0.173,20,1,GSM
0.16225,20,1,GSM
0.14511,20,1,GSM
0.12515,20,1,GSM
0.10423,20,1,GSM
0.084662,20,1,GSM
0.069588,20,1,GSM
0.060347,20,1,GSM
0.056408,20,1,GSM
0.055885,20,1,GSM
0.056621,20,1,GSM
0.0573,20,1,GSM
0.057721,20,1,GSM
0.058099,20,1,GSM
0.058548,20,1,GSM
0.058845,20,1,GSM
0.058803,20,1,GSM
0.058657,20,1,GSM
0.058916,20,1,GSM
0.05994,20,1,GSM
0.061624,20,1,GSM
0.063301,20,1,GSM
0.064055,20,1,GSM
0.063262,20,1,GSM
0.061117,20,1,GSM
0.0587,20,1,GSM
0.057224,20,1,GSM
0.057031,20,1,GSM
0.057477,20,1,GSM
0.057856,20,1,GSM
0.057962,20,1,GSM
0.058032,20,1,GSM
0.058338,20,1,GSM
0.058856,20,1,GSM
0.059359,20,1,GSM
0.059608,20,1,GSM
0.059515,20,1,GSM
0.059392,20,1,GSM
0.059748,20,1,GSM
0.060692,20,1,GSM
0.061822,20,1,GSM
0.062392,20,1,GSM
0.062135,20,1,GSM
0.061559,20,1,GSM
0.061233,20,1,GSM
0.061104,20,1,GSM
0.060794,20,1,GSM
0.060185,20,1,GSM
0.059522,20,1,GSM
0.059132,20,1,GSM
0.058876,20,1,GSM
0.058199,20,1,GSM
0.057002,20,1,GSM
0.055385,20,1,GSM
0.054939,20,1,GSM
0.059457,20,1,GSM
0.072345,20,1,GSM
0.091679,20,1,GSM
0.11088,20,1,GSM
0.12313,20,1,GSM
0.12748,20,1,GSM
0.098704,20,1,GSM
0.16057,20,2,GSM
0.15088,20,2,GSM
0.14275,20,2,GSM
0.13679,20,2,GSM
0.13232,20,2,GSM
0.12882,20,2,GSM
0.12544,20,2,GSM
0.1205,20,2,GSM
0.11275,20,2,GSM
0.10268,20,2,GSM
0.09162,20,2,GSM
0.081132,20,2,GSM
0.072754,20,2,GSM
0.067309,20,2,GSM
0.064652,20,2,GSM
0.063682,20,2,GSM
0.063364,20,2,GSM
0.063724,20,2,GSM
0.064542,20,2,GSM
0.065621,20,2,GSM
0.066529,20,2,GSM
0.067012,20,2,GSM
0.067359,20,2,GSM
0.068229,20,2,GSM
0.070086,20,2,GSM
0.072634,20,2,GSM
0.07475,20,2,GSM
0.075338,20,2,GSM
0.074063,20,2,GSM
0.071485,20,2,GSM
0.068669,20,2,GSM
0.066528,20,2,GSM
0.065572,20,2,GSM
0.065646,20,2,GSM
0.066265,20,2,GSM
0.066964,20,2,GSM
0.06752,20,2,GSM
0.067886,20,2,GSM
0.068182,20,2,GSM
0.068578,20,2,GSM
0.069151,20,2,GSM
0.0698,20,2,GSM
0.070299,20,2,GSM
0.070436,20,2,GSM
0.070153,20,2,GSM
0.069593,20,2,GSM
0.069011,20,2,GSM
0.068575,20,2,GSM
0.068359,20,2,GSM
0.068415,20,2,GSM
0.06871,20,2,GSM
0.068999,20,2,GSM
0.068899,20,2,GSM
0.068161,20,2,GSM
0.067192,20,2,GSM
0.067578,20,2,GSM
0.071507,20,2,GSM
0.079906,20,2,GSM
0.091574,20,2,GSM
0.10341,20,2,GSM
0.11482,20,2,GSM
0.127,20,2,GSM
0.14136,20,2,GSM
0.15686,20,2,GSM
0.16938,20,2,GSM
0.17427,20,2,GSM
0.13143,20,2,GSM
0.16742,20,3,GSM
0.16194,20,3,GSM
0.15566,20,3,GSM
0.15067,20,3,GSM
0.14657,20,3,GSM
0.14213,20,3,GSM
0.13615,20,3,GSM
0.12811,20,3,GSM
0.11869,20,3,GSM
0.10901,20,3,GSM
0.099823,20,3,GSM
0.09117,20,3,GSM
0.082889,20,3,GSM
0.075361,20,3,GSM
0.069304,20,3,GSM
0.065755,20,3,GSM
0.064354,20,3,GSM
0.064969,20,3,GSM
0.066546,20,3,GSM
0.067985,20,3,GSM
0.068708,20,3,GSM
0.068669,20,3,GSM
0.068249,20,3,GSM
0.067996,20,3,GSM
0.068384,20,3,GSM
0.06957,20,3,GSM
0.071225,20,3,GSM
0.072641,20,3,GSM
0.073143,20,3,GSM
0.072468,20,3,GSM
0.070846,20,3,GSM
0.068828,20,3,GSM
0.06706,20,3,GSM
0.066051,20,3,GSM
0.066059,20,3,GSM
0.066957,20,3,GSM
0.06835,20,3,GSM
0.069835,20,3,GSM
0.071085,20,3,GSM
0.071886,20,3,GSM
0.072232,20,3,GSM
0.072313,20,3,GSM
0.072311,20,3,GSM
0.072255,20,3,GSM
0.072077,20,3,GSM
0.071731,20,3,GSM
0.071259,20,3,GSM
0.070766,20,3,GSM
0.07039,20,3,GSM
0.070292,20,3,GSM
0.070526,20,3,GSM
0.070994,20,3,GSM
0.071433,20,3,GSM
0.071518,20,3,GSM
0.071266,20,3,GSM
0.071382,20,3,GSM
0.072728,20,3,GSM
0.076914,20,3,GSM
0.085698,20,3,GSM
0.098512,20,3,GSM
0.11606,20,3,GSM
0.13768,20,3,GSM
0.15838,20,3,GSM
0.17336,20,3,GSM
0.18057,20,3,GSM
0.18136,20,3,GSM
0.13543,20,3,GSM
0.12444,20,4,GSM
0.13049,20,4,GSM
0.13636,20,4,GSM
0.14272,20,4,GSM
0.14857,20,4,GSM
0.15162,20,4,GSM
0.14941,20,4,GSM
0.1416,20,4,GSM
0.13069,20,4,GSM
0.12078,20,4,GSM
0.11544,20,4,GSM
0.11503,20,4,GSM
0.11705,20,4,GSM
0.11867,20,4,GSM
0.11821,20,4,GSM
0.11515,20,4,GSM
0.10919,20,4,GSM
0.099875,20,4,GSM
0.087658,20,4,GSM
0.074672,20,4,GSM
0.063784,20,4,GSM
0.056903,20,4,GSM
0.054315,20,4,GSM
0.054347,20,4,GSM
0.055827,20,4,GSM
0.05745,20,4,GSM
0.058678,20,4,GSM
0.059391,20,4,GSM
0.059746,20,4,GSM
0.059978,20,4,GSM
0.060295,20,4,GSM
0.060868,20,4,GSM
0.061867,20,4,GSM
0.06334,20,4,GSM
0.064993,20,4,GSM
0.066135,20,4,GSM
0.065995,20,4,GSM
0.064265,20,4,GSM
0.061423,20,4,GSM
0.058559,20,4,GSM
0.056798,20,4,GSM
0.056632,20,4,GSM
0.058067,20,4,GSM
0.060448,20,4,GSM
0.06294,20,4,GSM
0.064787,20,4,GSM
0.065536,20,4,GSM
0.065174,20,4,GSM
0.064031,20,4,GSM
0.062584,20,4,GSM
0.061281,20,4,GSM
0.060498,20,4,GSM
0.060531,20,4,GSM
0.061343,20,4,GSM
0.062576,20,4,GSM
0.063679,20,4,GSM
0.064341,20,4,GSM
0.064697,20,4,GSM
0.065202,20,4,GSM
0.066688,20,4,GSM
0.069878,20,4,GSM
0.075751,20,4,GSM
0.083486,20,4,GSM
0.092417,20,4,GSM
0.10224,20,4,GSM
0.11135,20,4,GSM
0.09126,20,4,GSM
0.089507,30,1,GSM
0.10032,30,1,GSM
0.1072,30,1,GSM
0.10916,30,1,GSM
0.10687,30,1,GSM
0.10246,30,1,GSM
0.098706,30,1,GSM
0.099106,30,1,GSM
0.10479,30,1,GSM
0.11151,30,1,GSM
0.11481,30,1,GSM
0.1129,30,1,GSM
0.10668,30,1,GSM
0.097928,30,1,GSM
0.088433,30,1,GSM
0.079158,30,1,GSM
0.070949,30,1,GSM
0.064545,30,1,GSM
0.060174,30,1,GSM
0.058027,30,1,GSM
0.057678,30,1,GSM
0.058369,30,1,GSM
0.059318,30,1,GSM
0.059576,30,1,GSM
0.058923,30,1,GSM
0.057901,30,1,GSM
0.057483,30,1,GSM
0.058513,30,1,GSM
0.061162,30,1,GSM
0.064865,30,1,GSM
0.068312,30,1,GSM
0.070088,30,1,GSM
0.069284,30,1,GSM
0.066093,30,1,GSM
0.061894,30,1,GSM
0.058489,30,1,GSM
0.05691,30,1,GSM
0.056988,30,1,GSM
0.057785,30,1,GSM
0.058595,30,1,GSM
0.059188,30,1,GSM
0.05954,30,1,GSM
0.059745,30,1,GSM
0.060016,30,1,GSM
0.060556,30,1,GSM
0.061422,30,1,GSM
0.06245,30,1,GSM
0.063356,30,1,GSM
0.063979,30,1,GSM
0.064412,30,1,GSM
0.064826,30,1,GSM
0.065081,30,1,GSM
0.064822,30,1,GSM
0.063812,30,1,GSM
0.062236,30,1,GSM
0.060613,30,1,GSM
0.059454,30,1,GSM
0.058998,30,1,GSM
0.05899,30,1,GSM
0.058895,30,1,GSM
0.058511,30,1,GSM
0.058194,30,1,GSM
0.058553,30,1,GSM
0.059809,30,1,GSM
0.063745,30,1,GSM
0.071114,30,1,GSM
0.065468,30,1,GSM
0.14343,30,2,GSM
0.13378,30,2,GSM
0.1214,30,2,GSM
0.1077,30,2,GSM
0.097194,30,2,GSM
0.091905,30,2,GSM
0.091439,30,2,GSM
0.093677,30,2,GSM
0.095186,30,2,GSM
0.093542,30,2,GSM
0.088782,30,2,GSM
0.082178,30,2,GSM
0.075123,30,2,GSM
0.0689,30,2,GSM
0.064735,30,2,GSM
0.063078,30,2,GSM
0.063854,30,2,GSM
0.066038,30,2,GSM
0.067988,30,2,GSM
0.068925,30,2,GSM
0.068833,30,2,GSM
0.068368,30,2,GSM
0.068442,30,2,GSM
0.069687,30,2,GSM
0.072075,30,2,GSM
0.074907,30,2,GSM
0.077029,30,2,GSM
0.077378,30,2,GSM
0.075664,30,2,GSM
0.072634,30,2,GSM
0.06956,30,2,GSM
0.067467,30,2,GSM
0.066705,30,2,GSM
0.066838,30,2,GSM
0.067324,30,2,GSM
0.067832,30,2,GSM
0.068208,30,2,GSM
0.068432,30,2,GSM
0.068562,30,2,GSM
0.068699,30,2,GSM
0.068875,30,2,GSM
0.068975,30,2,GSM
0.068891,30,2,GSM
0.068673,30,2,GSM
0.068507,30,2,GSM
0.068522,30,2,GSM
0.068672,30,2,GSM
0.068885,30,2,GSM
0.069195,30,2,GSM
0.069637,30,2,GSM
0.070051,30,2,GSM
0.07006,30,2,GSM
0.069341,30,2,GSM
0.067931,30,2,GSM
0.066372,30,2,GSM
0.065735,30,2,GSM
0.067456,30,2,GSM
0.071633,30,2,GSM
0.080752,30,2,GSM
0.095375,30,2,GSM
0.11321,30,2,GSM
0.13095,30,2,GSM
0.14562,30,2,GSM
0.15545,30,2,GSM
0.15979,30,2,GSM
0.15928,30,2,GSM
0.12095,30,2,GSM
0.15637,30,3,GSM
0.15764,30,3,GSM
0.15381,30,3,GSM
0.14453,30,3,GSM
0.13218,30,3,GSM
0.11993,30,3,GSM
0.11084,30,3,GSM
0.10676,30,3,GSM
0.10722,30,3,GSM
0.10953,30,3,GSM
0.11179,30,3,GSM
0.11314,30,3,GSM
0.11356,30,3,GSM
0.11212,30,3,GSM
0.10765,30,3,GSM
0.10001,30,3,GSM
0.090731,30,3,GSM
0.082234,30,3,GSM
0.076536,30,3,GSM
0.074337,30,3,GSM
0.074781,30,3,GSM
0.076674,30,3,GSM
0.078526,30,3,GSM
0.079507,30,3,GSM
0.079625,30,3,GSM
0.079652,30,3,GSM
0.080562,30,3,GSM
0.082862,30,3,GSM
0.086247,30,3,GSM
0.089701,30,3,GSM
0.091949,30,3,GSM
0.092007,30,3,GSM
0.089687,30,3,GSM
0.08587,30,3,GSM
0.082127,30,3,GSM
0.079724,30,3,GSM
0.079018,30,3,GSM
0.079475,30,3,GSM
0.080349,30,3,GSM
0.081258,30,3,GSM
0.082089,30,3,GSM
0.08291,30,3,GSM
0.083862,30,3,GSM
0.08497,30,3,GSM
0.086054,30,3,GSM
0.086827,30,3,GSM
0.086986,30,3,GSM
0.086328,30,3,GSM
0.084909,30,3,GSM
0.083189,30,3,GSM
0.081988,30,3,GSM
0.081916,30,3,GSM
0.082791,30,3,GSM
0.083634,30,3,GSM
0.083552,30,3,GSM
0.082428,30,3,GSM
0.081047,30,3,GSM
0.080711,30,3,GSM
0.08317,30,3,GSM
0.089798,30,3,GSM
0.10081,30,3,GSM
0.11538,30,3,GSM
0.13108,30,3,GSM
0.14459,30,3,GSM
0.15403,30,3,GSM
0.15963,30,3,GSM
0.12822,30,3,GSM
0.1225,30,4,GSM
0.12722,30,4,GSM
0.12403,30,4,GSM
0.11465,30,4,GSM
0.10367,30,4,GSM
0.096407,30,4,GSM
0.096009,30,4,GSM
0.10272,30,4,GSM
0.11379,30,4,GSM
0.12636,30,4,GSM
0.13839,30,4,GSM
0.14784,30,4,GSM
0.15197,30,4,GSM
0.14767,30,4,GSM
0.13386,30,4,GSM
0.11301,30,4,GSM
0.090377,30,4,GSM
0.071639,30,4,GSM
0.06051,30,4,GSM
0.056907,30,4,GSM
0.057108,30,4,GSM
0.058997,30,4,GSM
0.060622,30,4,GSM
0.061121,30,4,GSM
0.060714,30,4,GSM
0.060189,30,4,GSM
0.06038,30,4,GSM
0.061904,30,4,GSM
0.064911,30,4,GSM
0.069042,30,4,GSM
0.073425,30,4,GSM
0.076891,30,4,GSM
0.078338,30,4,GSM
0.077191,30,4,GSM
0.0738,30,4,GSM
0.069332,30,4,GSM
0.065163,30,4,GSM
0.062215,30,4,GSM
0.060782,30,4,GSM
0.060509,30,4,GSM
0.060887,30,4,GSM
0.06144,30,4,GSM
0.061901,30,4,GSM
0.062149,30,4,GSM
0.062091,30,4,GSM
0.061678,30,4,GSM
0.061038,30,4,GSM
0.060692,30,4,GSM
0.061371,30,4,GSM
0.063414,30,4,GSM
0.066339,30,4,GSM
0.068814,30,4,GSM
0.069567,30,4,GSM
0.068315,30,4,GSM
0.065963,30,4,GSM
0.063973,30,4,GSM
0.063522,30,4,GSM
0.064549,30,4,GSM
0.066215,30,4,GSM
0.067934,30,4,GSM
0.069833,30,4,GSM
0.072758,30,4,GSM
0.077774,30,4,GSM
0.085331,30,4,GSM
0.095054,30,4,GSM
0.10587,30,4,GSM
0.089335,30,4,GSM
0.10083,0,1,RF
0.10052,0,1,RF
0.10037,0,1,RF
0.10028,0,1,RF
0.10002,0,1,RF
0.09908,0,1,RF
0.097268,0,1,RF
0.094982,0,1,RF
0.092963,0,1,RF
0.091698,0,1,RF
0.091139,0,1,RF
0.090858,0,1,RF
0.090519,0,1,RF
0.090201,0,1,RF
0.090169,0,1,RF
0.090499,0,1,RF
0.091068,0,1,RF
0.09174,0,1,RF
0.092389,0,1,RF
0.092796,0,1,RF
0.092703,0,1,RF
0.092027,0,1,RF
0.091015,0,1,RF
0.090086,0,1,RF
0.089403,0,1,RF
0.08892,0,1,RF
0.088606,0,1,RF
0.08854,0,1,RF
0.08882,0,1,RF
0.08936,0,1,RF
0.089934,0,1,RF
0.090367,0,1,RF
0.090595,0,1,RF
0.090635,0,1,RF
0.090529,0,1,RF
0.090324,0,1,RF
0.090077,0,1,RF
0.089842,0,1,RF
0.08968,0,1,RF
0.089664,0,1,RF
0.08988,0,1,RF
0.090419,0,1,RF
0.091235,0,1,RF
0.092143,0,1,RF
0.093049,0,1,RF
0.093995,0,1,RF
0.095071,0,1,RF
0.096308,0,1,RF
0.097593,0,1,RF
0.098588,0,1,RF
0.098832,0,1,RF
0.098134,0,1,RF
0.096774,0,1,RF
0.095317,0,1,RF
0.094288,0,1,RF
0.093946,0,1,RF
0.094189,0,1,RF
0.094739,0,1,RF
0.095477,0,1,RF
0.096555,0,1,RF
0.098235,0,1,RF
0.10038,0,1,RF
0.10263,0,1,RF
0.10437,0,1,RF
0.10493,0,1,RF
0.1042,0,1,RF
0.096086,0,1,RF
0.063254,0,2,RF
0.065319,0,2,RF
0.066846,0,2,RF
0.067738,0,2,RF
0.068219,0,2,RF
0.068767,0,2,RF
0.069378,0,2,RF
0.06919,0,2,RF
0.067718,0,2,RF
0.065608,0,2,RF
0.063804,0,2,RF
0.062328,0,2,RF
0.060766,0,2,RF
0.059207,0,2,RF
0.058302,0,2,RF
0.058184,0,2,RF
0.058363,0,2,RF
0.05833,0,2,RF
0.058094,0,2,RF
0.058249,0,2,RF
0.059313,0,2,RF
0.061025,0,2,RF
0.062365,0,2,RF
0.062261,0,2,RF
0.060502,0,2,RF
0.057942,0,2,RF
0.055753,0,2,RF
0.054549,0,2,RF
0.054137,0,2,RF
0.054004,0,2,RF
0.053918,0,2,RF
0.053886,0,2,RF
0.05392,0,2,RF
0.053924,0,2,RF
0.053829,0,2,RF
0.053712,0,2,RF
0.053725,0,2,RF
0.053918,0,2,RF
0.054163,0,2,RF
0.054307,0,2,RF
0.054364,0,2,RF
0.054516,0,2,RF
0.054879,0,2,RF
0.055318,0,2,RF
0.055665,0,2,RF
0.056025,0,2,RF
0.056698,0,2,RF
0.057864,0,2,RF
0.059498,0,2,RF
0.061296,0,2,RF
0.062794,0,2,RF
0.063601,0,2,RF
0.063581,0,2,RF
0.062882,0,2,RF
0.061813,0,2,RF
0.060658,0,2,RF
0.059578,0,2,RF
0.058718,0,2,RF
0.058264,0,2,RF
0.058256,0,2,RF
0.058477,0,2,RF
0.058642,0,2,RF
0.058669,0,2,RF
0.058726,0,2,RF
0.059123,0,2,RF
0.060064,0,2,RF
0.056701,0,2,RF
0.062072,0,3,RF
0.063442,0,3,RF
0.064702,0,3,RF
0.066232,0,3,RF
0.068131,0,3,RF
0.069958,0,3,RF
0.071139,0,3,RF
0.071437,0,3,RF
0.071027,0,3,RF
0.070396,0,3,RF
0.06989,0,3,RF
0.069278,0,3,RF
0.067817,0,3,RF
0.06501,0,3,RF
0.061353,0,3,RF
0.057994,0,3,RF
0.055805,0,3,RF
0.054931,0,3,RF
0.054943,0,3,RF
0.055178,0,3,RF
0.055479,0,3,RF
0.056254,0,3,RF
0.05783,0,3,RF
0.059909,0,3,RF
0.06151,0,3,RF
0.061578,0,3,RF
0.059867,0,3,RF
0.057174,0,3,RF
0.054634,0,3,RF
0.052953,0,3,RF
0.052198,0,3,RF
0.052059,0,3,RF
0.052227,0,3,RF
0.052449,0,3,RF
0.052583,0,3,RF
0.052581,0,3,RF
0.052451,0,3,RF
0.052267,0,3,RF
0.052119,0,3,RF
0.052067,0,3,RF
0.052111,0,3,RF
0.052207,0,3,RF
0.052375,0,3,RF
0.052692,0,3,RF
0.053159,0,3,RF
0.053643,0,3,RF
0.054018,0,3,RF
0.05433,0,3,RF
0.054816,0,3,RF
0.055713,0,3,RF
0.057078,0,3,RF
0.058713,0,3,RF
0.060238,0,3,RF
0.061268,0,3,RF
0.061532,0,3,RF
0.060962,0,3,RF
0.05981,0,3,RF
0.058658,0,3,RF
0.058054,0,3,RF
0.058035,0,3,RF
0.058206,0,3,RF
0.058186,0,3,RF
0.057929,0,3,RF
0.0578,0,3,RF
0.05834,0,3,RF
0.05966,0,3,RF
0.05572,0,3,RF
0.066133,0,4,RF
0.068733,0,4,RF
0.072175,0,4,RF
0.075661,0,4,RF
0.077864,0,4,RF
0.077855,0,4,RF
0.076011,0,4,RF
0.073723,0,4,RF
0.071962,0,4,RF
0.070515,0,4,RF
0.068665,0,4,RF
0.065989,0,4,RF
0.062659,0,4,RF
0.059382,0,4,RF
0.057016,0,4,RF
0.055937,0,4,RF
0.055973,0,4,RF
0.05645,0,4,RF
0.056853,0,4,RF
0.057303,0,4,RF
0.058187,0,4,RF
0.059484,0,4,RF
0.060656,0,4,RF
0.060988,0,4,RF
0.060056,0,4,RF
0.058056,0,4,RF
0.055724,0,4,RF
0.053819,0,4,RF
0.052678,0,4,RF
0.052242,0,4,RF
0.052186,0,4,RF
0.052256,0,4,RF
0.052305,0,4,RF
0.052251,0,4,RF
0.052089,0,4,RF
0.051908,0,4,RF
0.051846,0,4,RF
0.052029,0,4,RF
0.052483,0,4,RF
0.053142,0,4,RF
0.053897,0,4,RF
0.054604,0,4,RF
0.055095,0,4,RF
0.055302,0,4,RF
0.055331,0,4,RF
0.055435,0,4,RF
0.055876,0,4,RF
0.056727,0,4,RF
0.057822,0,4,RF
0.058909,0,4,RF
0.059774,0,4,RF
0.060305,0,4,RF
0.060469,0,4,RF
0.060209,0,4,RF
0.059479,0,4,RF
0.058424,0,4,RF
0.057439,0,4,RF
0.056921,0,4,RF
0.056924,0,4,RF
0.057141,0,4,RF
0.057286,0,4,RF
0.057469,0,4,RF
0.05813,0,4,RF
0.059558,0,4,RF
0.061523,0,4,RF
0.063518,0,4,RF
0.058213,0,4,RF
0.076842,10,1,RF
0.077363,10,1,RF
0.078523,10,1,RF
0.081149,10,1,RF
0.084211,10,1,RF
0.085619,10,1,RF
0.084497,10,1,RF
0.081989,10,1,RF
0.079666,10,1,RF
0.078198,10,1,RF
0.077072,10,1,RF
0.075697,10,1,RF
0.073738,10,1,RF
0.071302,10,1,RF
0.069196,10,1,RF
0.068188,10,1,RF
0.068347,10,1,RF
0.068792,10,1,RF
0.068874,10,1,RF
0.068535,10,1,RF
0.068206,10,1,RF
0.068396,10,1,RF
0.069144,10,1,RF
0.069924,10,1,RF
0.07012,10,1,RF
0.069489,10,1,RF
0.068378,10,1,RF
0.067374,10,1,RF
0.066801,10,1,RF
0.066541,10,1,RF
0.066405,10,1,RF
0.066381,10,1,RF
0.066469,10,1,RF
0.066557,10,1,RF
0.066565,10,1,RF
0.066577,10,1,RF
0.066786,10,1,RF
0.067281,10,1,RF
0.067968,10,1,RF
0.068654,10,1,RF
0.06918,10,1,RF
0.069469,10,1,RF
0.069471,10,1,RF
0.06918,10,1,RF
0.068737,10,1,RF
0.068332,10,1,RF
0.068084,10,1,RF
0.068175,10,1,RF
0.068738,10,1,RF
0.06971,10,1,RF
0.070871,10,1,RF
0.071984,10,1,RF
0.072775,10,1,RF
0.072928,10,1,RF
0.072363,10,1,RF
0.071405,10,1,RF
0.070541,10,1,RF
0.07008,10,1,RF
0.069971,10,1,RF
0.070021,10,1,RF
0.070076,10,1,RF
0.070176,10,1,RF
0.070595,10,1,RF
0.071634,10,1,RF
0.073307,10,1,RF
0.075248,10,1,RF
0.071086,10,1,RF
0.089089,10,2,RF
0.090161,10,2,RF
0.091554,10,2,RF
0.093343,10,2,RF
0.095231,10,2,RF
0.096616,10,2,RF
0.097044,10,2,RF
0.096587,10,2,RF
0.095675,10,2,RF
0.09481,10,2,RF
0.094229,10,2,RF
0.093787,10,2,RF
0.092942,10,2,RF
0.09124,10,2,RF
0.088885,10,2,RF
0.086608,10,2,RF
0.085035,10,2,RF
0.084314,10,2,RF
0.084219,10,2,RF
0.084348,10,2,RF
0.084418,10,2,RF
0.084383,10,2,RF
0.084479,10,2,RF
0.085084,10,2,RF
0.086321,10,2,RF
0.087674,10,2,RF
0.088278,10,2,RF
0.087609,10,2,RF
0.085875,10,2,RF
0.083792,10,2,RF
0.082068,10,2,RF
0.081054,10,2,RF
0.080724,10,2,RF
0.080795,10,2,RF
0.081009,10,2,RF
0.081277,10,2,RF
0.081645,10,2,RF
0.08214,10,2,RF
0.082701,10,2,RF
0.083243,10,2,RF
0.083765,10,2,RF
0.084382,10,2,RF
0.085195,10,2,RF
0.086108,10,2,RF
0.086772,10,2,RF
0.086756,10,2,RF
0.08585,10,2,RF
0.084303,10,2,RF
0.0828,10,2,RF
0.082164,10,2,RF
0.082872,10,2,RF
0.084635,10,2,RF
0.086579,10,2,RF
0.087897,10,2,RF
0.088332,10,2,RF
0.088161,10,2,RF
0.087773,10,2,RF
0.087356,10,2,RF
0.08693,10,2,RF
0.086462,10,2,RF
0.085962,10,2,RF
0.085609,10,2,RF
0.085626,10,2,RF
0.086111,10,2,RF
0.087,10,2,RF
0.088008,10,2,RF
0.084198,10,2,RF
0.069708,10,3,RF
0.071174,10,3,RF
0.073134,10,3,RF
0.075152,10,3,RF
0.07689,10,3,RF
0.078159,10,3,RF
0.078952,10,3,RF
0.079239,10,3,RF
0.078788,10,3,RF
0.077501,10,3,RF
0.075646,10,3,RF
0.07369,10,3,RF
0.072009,10,3,RF
0.070754,10,3,RF
0.069968,10,3,RF
0.069583,10,3,RF
0.069456,10,3,RF
0.069414,10,3,RF
0.069361,10,3,RF
0.069315,10,3,RF
0.069421,10,3,RF
0.069788,10,3,RF
0.070291,10,3,RF
0.07057,10,3,RF
0.070259,10,3,RF
0.069299,10,3,RF
0.068022,10,3,RF
0.066956,10,3,RF
0.066474,10,3,RF
0.066517,10,3,RF
0.066727,10,3,RF
0.066816,10,3,RF
0.066721,10,3,RF
0.066574,10,3,RF
0.066561,10,3,RF
0.066761,10,3,RF
0.06711,10,3,RF
0.067518,10,3,RF
0.067958,10,3,RF
0.06852,10,3,RF
0.069336,10,3,RF
0.070386,10,3,RF
0.071376,10,3,RF
0.071872,10,3,RF
0.071595,10,3,RF
0.070655,10,3,RF
0.069516,10,3,RF
0.068783,10,3,RF
0.068885,10,3,RF
0.069828,10,3,RF
0.071231,10,3,RF
0.072561,10,3,RF
0.073424,10,3,RF
0.073676,10,3,RF
0.073393,10,3,RF
0.072772,10,3,RF
0.071981,10,3,RF
0.071091,10,3,RF
0.070212,10,3,RF
0.069623,10,3,RF
0.069579,10,3,RF
0.070021,10,3,RF
0.070525,10,3,RF
0.070601,10,3,RF
0.070133,10,3,RF
0.069491,10,3,RF
0.066742,10,3,RF
0.067312,10,4,RF
0.068614,10,4,RF
0.070624,10,4,RF
0.072799,10,4,RF
0.074671,10,4,RF
0.076007,10,4,RF
0.076686,10,4,RF
0.076499,10,4,RF
0.075241,10,4,RF
0.072983,10,4,RF
0.070156,10,4,RF
0.067401,10,4,RF
0.065244,10,4,RF
0.063913,10,4,RF
0.063342,10,4,RF
0.063278,10,4,RF
0.063407,10,4,RF
0.063407,10,4,RF
0.063129,10,4,RF
0.062692,10,4,RF
0.062394,10,4,RF
0.062449,10,4,RF
0.062774,10,4,RF
0.063027,10,4,RF
0.062862,10,4,RF
0.062202,10,4,RF
0.061293,10,4,RF
0.0605,10,4,RF
0.060038,10,4,RF
0.059862,10,4,RF
0.059782,10,4,RF
0.059646,10,4,RF
0.059419,10,4,RF
0.059188,10,4,RF
0.059099,10,4,RF
0.059275,10,4,RF
0.059743,10,4,RF
0.060415,10,4,RF
0.061166,10,4,RF
0.06191,10,4,RF
0.062625,10,4,RF
0.063313,10,4,RF
0.063907,10,4,RF
0.064246,10,4,RF
0.064165,10,4,RF
0.063653,10,4,RF
0.062942,10,4,RF
0.062398,10,4,RF
0.062321,10,4,RF
0.062828,10,4,RF
0.063846,10,4,RF
0.065137,10,4,RF
0.066317,10,4,RF
0.066993,10,4,RF
0.066963,10,4,RF
0.066333,10,4,RF
0.065456,10,4,RF
0.064708,10,4,RF
0.06432,10,4,RF
0.064395,10,4,RF
0.064989,10,4,RF
0.065996,10,4,RF
0.067074,10,4,RF
0.067803,10,4,RF
0.06794,10,4,RF
0.067631,10,4,RF
0.063034,10,4,RF
0.061821,20,1,RF
0.06258,20,1,RF
0.062333,20,1,RF
0.061069,20,1,RF
0.059156,20,1,RF
0.057079,20,1,RF
0.055287,20,1,RF
0.054102,20,1,RF
0.053617,20,1,RF
0.053662,20,1,RF
0.05398,20,1,RF
0.054369,20,1,RF
0.054749,20,1,RF
0.055129,20,1,RF
0.055531,20,1,RF
0.055997,20,1,RF
0.056571,20,1,RF
0.057232,20,1,RF
0.057846,20,1,RF
0.058192,20,1,RF
0.058076,20,1,RF
0.057471,20,1,RF
0.056522,20,1,RF
0.055454,20,1,RF
0.054501,20,1,RF
0.053838,20,1,RF
0.053534,20,1,RF
0.05358,20,1,RF
0.053899,20,1,RF
0.05434,20,1,RF
0.05473,20,1,RF
0.054984,20,1,RF
0.055186,20,1,RF
0.055547,20,1,RF
0.05623,20,1,RF
0.057204,20,1,RF
0.058251,20,1,RF
0.059025,20,1,RF
0.059254,20,1,RF
0.058911,20,1,RF
0.058185,20,1,RF
0.057343,20,1,RF
0.056684,20,1,RF
0.056524,20,1,RF
0.057043,20,1,RF
0.058242,20,1,RF
0.059804,20,1,RF
0.061211,20,1,RF
0.062204,20,1,RF
0.06273,20,1,RF
0.062748,20,1,RF
0.062292,20,1,RF
0.061556,20,1,RF
0.060794,20,1,RF
0.060181,20,1,RF
0.059749,20,1,RF
0.059489,20,1,RF
0.059425,20,1,RF
0.059556,20,1,RF
0.059743,20,1,RF
0.05978,20,1,RF
0.059551,20,1,RF
0.059139,20,1,RF
0.058837,20,1,RF
0.059005,20,1,RF
0.059816,20,1,RF
0.05654,20,1,RF
0.065077,20,2,RF
0.064884,20,2,RF
0.064538,20,2,RF
0.064322,20,2,RF
0.064278,20,2,RF
0.064262,20,2,RF
0.064204,20,2,RF
0.064105,20,2,RF
0.063964,20,2,RF
0.063828,20,2,RF
0.063907,20,2,RF
0.064384,20,2,RF
0.065178,20,2,RF
0.065939,20,2,RF
0.066336,20,2,RF
0.066273,20,2,RF
0.065896,20,2,RF
0.065459,20,2,RF
0.065167,20,2,RF
0.065041,20,2,RF
0.064927,20,2,RF
0.064593,20,2,RF
0.063982,20,2,RF
0.063268,20,2,RF
0.06269,20,2,RF
0.062416,20,2,RF
0.06247,20,2,RF
0.062715,20,2,RF
0.062958,20,2,RF
0.063076,20,2,RF
0.063088,20,2,RF
0.063118,20,2,RF
0.063275,20,2,RF
0.063573,20,2,RF
0.063998,20,2,RF
0.064614,20,2,RF
0.065529,20,2,RF
0.066748,20,2,RF
0.068047,20,2,RF
0.069012,20,2,RF
0.069269,20,2,RF
0.068763,20,2,RF
0.067848,20,2,RF
0.067074,20,2,RF
0.066816,20,2,RF
0.067141,20,2,RF
0.067883,20,2,RF
0.068755,20,2,RF
0.06946,20,2,RF
0.069827,20,2,RF
0.069847,20,2,RF
0.06964,20,2,RF
0.069392,20,2,RF
0.069157,20,2,RF
0.068768,20,2,RF
0.068111,20,2,RF
0.067353,20,2,RF
0.066755,20,2,RF
0.066378,20,2,RF
0.066067,20,2,RF
0.065673,20,2,RF
0.065199,20,2,RF
0.064774,20,2,RF
0.064568,20,2,RF
0.064649,20,2,RF
0.064936,20,2,RF
0.062786,20,2,RF
0.067145,20,3,RF
0.067591,20,3,RF
0.06777,20,3,RF
0.067691,20,3,RF
0.067435,20,3,RF
0.067085,20,3,RF
0.066692,20,3,RF
0.066295,20,3,RF
0.065907,20,3,RF
0.065573,20,3,RF
0.065382,20,3,RF
0.065365,20,3,RF
0.065432,20,3,RF
0.065442,20,3,RF
0.065374,20,3,RF
0.065375,20,3,RF
0.06565,20,3,RF
0.066282,20,3,RF
0.067124,20,3,RF
0.067883,20,3,RF
0.068254,20,3,RF
0.068015,20,3,RF
0.067152,20,3,RF
0.065932,20,3,RF
0.064776,20,3,RF
0.063994,20,3,RF
0.063601,20,3,RF
0.063431,20,3,RF
0.063375,20,3,RF
0.063421,20,3,RF
0.063597,20,3,RF
0.063915,20,3,RF
0.064369,20,3,RF
0.064937,20,3,RF
0.065572,20,3,RF
0.066244,20,3,RF
0.066976,20,3,RF
0.06781,20,3,RF
0.068752,20,3,RF
0.069695,20,3,RF
0.07043,20,3,RF
0.070737,20,3,RF
0.070505,20,3,RF
0.069816,20,3,RF
0.06896,20,3,RF
0.068357,20,3,RF
0.068348,20,3,RF
0.068946,20,3,RF
0.069838,20,3,RF
0.070604,20,3,RF
0.07093,20,3,RF
0.070732,20,3,RF
0.070155,20,3,RF
0.069517,20,3,RF
0.069133,20,3,RF
0.069092,20,3,RF
0.069157,20,3,RF
0.068939,20,3,RF
0.068243,20,3,RF
0.067239,20,3,RF
0.06631,20,3,RF
0.065761,20,3,RF
0.065661,20,3,RF
0.065895,20,3,RF
0.066289,20,3,RF
0.066696,20,3,RF
0.063908,20,3,RF
0.057772,20,4,RF
0.057728,20,4,RF
0.057383,20,4,RF
0.057052,20,4,RF
0.057083,20,4,RF
0.057582,20,4,RF
0.058392,20,4,RF
0.059171,20,4,RF
0.059593,20,4,RF
0.059533,20,4,RF
0.059104,20,4,RF
0.058567,20,4,RF
0.05815,20,4,RF
0.057891,20,4,RF
0.057652,20,4,RF
0.057375,20,4,RF
0.057142,20,4,RF
0.057076,20,4,RF
0.05719,20,4,RF
0.057369,20,4,RF
0.057574,20,4,RF
0.05786,20,4,RF
0.058231,20,4,RF
0.058571,20,4,RF
0.058678,20,4,RF
0.058406,20,4,RF
0.057774,20,4,RF
0.056929,20,4,RF
0.056048,20,4,RF
0.055275,20,4,RF
0.054696,20,4,RF
0.054329,20,4,RF
0.054144,20,4,RF
0.054084,20,4,RF
0.054096,20,4,RF
0.05414,20,4,RF
0.054179,20,4,RF
0.054205,20,4,RF
0.054248,20,4,RF
0.054361,20,4,RF
0.054613,20,4,RF
0.05509,20,4,RF
0.055855,20,4,RF
0.056871,20,4,RF
0.057993,20,4,RF
0.05902,20,4,RF
0.059767,20,4,RF
0.06012,20,4,RF
0.060047,20,4,RF
0.059588,20,4,RF
0.058915,20,4,RF
0.058352,20,4,RF
0.05824,20,4,RF
0.058727,20,4,RF
0.059634,20,4,RF
0.060546,20,4,RF
0.06107,20,4,RF
0.061067,20,4,RF
0.060662,20,4,RF
0.060079,20,4,RF
0.059474,20,4,RF
0.058897,20,4,RF
0.058349,20,4,RF
0.057888,20,4,RF
0.057643,20,4,RF
0.057684,20,4,RF
0.054908,20,4,RF
0.056364,30,1,RF
0.056006,30,1,RF
0.055554,30,1,RF
0.055114,30,1,RF
0.054847,30,1,RF
0.054881,30,1,RF
0.055228,30,1,RF
0.055741,30,1,RF
0.056128,30,1,RF
0.056076,30,1,RF
0.055504,30,1,RF
0.054643,30,1,RF
0.053861,30,1,RF
0.053393,30,1,RF
0.053266,30,1,RF
0.053382,30,1,RF
0.053679,30,1,RF
0.054128,30,1,RF
0.054649,30,1,RF
0.055109,30,1,RF
0.055408,30,1,RF
0.055571,30,1,RF
0.055706,30,1,RF
0.055859,30,1,RF
0.055926,30,1,RF
0.055756,30,1,RF
0.055292,30,1,RF
0.054627,30,1,RF
0.053942,30,1,RF
0.05341,30,1,RF
0.053138,30,1,RF
0.053144,30,1,RF
0.053369,30,1,RF
0.053718,30,1,RF
0.054085,30,1,RF
0.054395,30,1,RF
0.054647,30,1,RF
0.054905,30,1,RF
0.05529,30,1,RF
0.055976,30,1,RF
0.057112,30,1,RF
0.058657,30,1,RF
0.060338,30,1,RF
0.061757,30,1,RF
0.062568,30,1,RF
0.062614,30,1,RF
0.06196,30,1,RF
0.060885,30,1,RF
0.059796,30,1,RF
0.059079,30,1,RF
0.058991,30,1,RF
0.059542,30,1,RF
0.060409,30,1,RF
0.061169,30,1,RF
0.061427,30,1,RF
0.061116,30,1,RF
0.060476,30,1,RF
0.059817,30,1,RF
0.059355,30,1,RF
0.059179,30,1,RF
0.059217,30,1,RF
0.059237,30,1,RF
0.059013,30,1,RF
0.058512,30,1,RF
0.057916,30,1,RF
0.057425,30,1,RF
0.054558,30,1,RF
0.064075,30,2,RF
0.064207,30,2,RF
0.064474,30,2,RF
0.064745,30,2,RF
0.064874,30,2,RF
0.064733,30,2,RF
0.064316,30,2,RF
0.063808,30,2,RF
0.063458,30,2,RF
0.063398,30,2,RF
0.063581,30,2,RF
0.063845,30,2,RF
0.064081,30,2,RF
0.064221,30,2,RF
0.06428,30,2,RF
0.064367,30,2,RF
0.064625,30,2,RF
0.065109,30,2,RF
0.065649,30,2,RF
0.065935,30,2,RF
0.065716,30,2,RF
0.064987,30,2,RF
0.063992,30,2,RF
0.063059,30,2,RF
0.062426,30,2,RF
0.06214,30,2,RF
0.062074,30,2,RF
0.062071,30,2,RF
0.062084,30,2,RF
0.06219,30,2,RF
0.062494,30,2,RF
0.063005,30,2,RF
0.063651,30,2,RF
0.064369,30,2,RF
0.0652,30,2,RF
0.066226,30,2,RF
0.067424,30,2,RF
0.068591,30,2,RF
0.069391,30,2,RF
0.069509,30,2,RF
0.06883,30,2,RF
0.06753,30,2,RF
0.066013,30,2,RF
0.064814,30,2,RF
0.064495,30,2,RF
0.065309,30,2,RF
0.06688,30,2,RF
0.068447,30,2,RF
0.069324,30,2,RF
0.069253,30,2,RF
0.0685,30,2,RF
0.067657,30,2,RF
0.067228,30,2,RF
0.067227,30,2,RF
0.067259,30,2,RF
0.066971,30,2,RF
0.06635,30,2,RF
0.065645,30,2,RF
0.065104,30,2,RF
0.064807,30,2,RF
0.064732,30,2,RF
0.064823,30,2,RF
0.065003,30,2,RF
0.065139,30,2,RF
0.065107,30,2,RF
0.064857,30,2,RF
0.062509,30,2,RF
0.075778,30,3,RF
0.075904,30,3,RF
0.076081,30,3,RF
0.076307,30,3,RF
0.076498,30,3,RF
0.076596,30,3,RF
0.076609,30,3,RF
0.076576,30,3,RF
0.076556,30,3,RF
0.076585,30,3,RF
0.076626,30,3,RF
0.076591,30,3,RF
0.076425,30,3,RF
0.076204,30,3,RF
0.076097,30,3,RF
0.076228,30,3,RF
0.076494,30,3,RF
0.076707,30,3,RF
0.076836,30,3,RF
0.077015,30,3,RF
0.077298,30,3,RF
0.077516,30,3,RF
0.077388,30,3,RF
0.076822,30,3,RF
0.076016,30,3,RF
0.07529,30,3,RF
0.074878,30,3,RF
0.07481,30,3,RF
0.074957,30,3,RF
0.075104,30,3,RF
0.075099,30,3,RF
0.074959,30,3,RF
0.074822,30,3,RF
0.074838,30,3,RF
0.075082,30,3,RF
0.075526,30,3,RF
0.076083,30,3,RF
0.076655,30,3,RF
0.07722,30,3,RF
0.077913,30,3,RF
0.078958,30,3,RF
0.080464,30,3,RF
0.082264,30,3,RF
0.083974,30,3,RF
0.085166,30,3,RF
0.085476,30,3,RF
0.084761,30,3,RF
0.083261,30,3,RF
0.081568,30,3,RF
0.080375,30,3,RF
0.080091,30,3,RF
0.080532,30,3,RF
0.081096,30,3,RF
0.081207,30,3,RF
0.080677,30,3,RF
0.079765,30,3,RF
0.078925,30,3,RF
0.078431,30,3,RF
0.078224,30,3,RF
0.078055,30,3,RF
0.077722,30,3,RF
0.077227,30,3,RF
0.07671,30,3,RF
0.076318,30,3,RF
0.076116,30,3,RF
0.076032,30,3,RF
0.074312,30,3,RF
0.058522,30,4,RF
0.058778,30,4,RF
0.059323,30,4,RF
0.060144,30,4,RF
0.061059,30,4,RF
0.061765,30,4,RF
0.06199,30,4,RF
0.061616,30,4,RF
0.060779,30,4,RF
0.059812,30,4,RF
0.059,30,4,RF
0.058438,30,4,RF
0.058058,30,4,RF
0.057785,30,4,RF
0.05762,30,4,RF
0.057572,30,4,RF
0.057614,30,4,RF
0.057747,30,4,RF
0.058009,30,4,RF
0.058417,30,4,RF
0.058886,30,4,RF
0.059234,30,4,RF
0.059275,30,4,RF
0.05894,30,4,RF
0.058321,30,4,RF
0.057616,30,4,RF
0.057039,30,4,RF
0.056704,30,4,RF
0.056562,30,4,RF
0.056481,30,4,RF
0.056374,30,4,RF
0.056232,30,4,RF
0.056093,30,4,RF
0.055988,30,4,RF
0.055939,30,4,RF
0.055972,30,4,RF
0.056115,30,4,RF
0.056375,30,4,RF
0.056723,30,4,RF
0.057111,30,4,RF
0.057499,30,4,RF
0.057862,30,4,RF
0.05817,30,4,RF
0.058364,30,4,RF
0.058365,30,4,RF
0.05815,30,4,RF
0.057809,30,4,RF
0.05754,30,4,RF
0.057573,30,4,RF
0.058085,30,4,RF
0.059112,30,4,RF
0.060497,30,4,RF
0.06187,30,4,RF
0.062779,30,4,RF
0.062954,30,4,RF
0.062467,30,4,RF
0.061601,30,4,RF
0.060624,30,4,RF
0.059714,30,4,RF
0.059042,30,4,RF
0.058761,30,4,RF
0.058844,30,4,RF
0.059077,30,4,RF
0.059212,30,4,RF
0.059126,30,4,RF
0.058844,30,4,RF
0.056436,30,4,RF
0.095166,0,1,VL
0.094437,0,1,VL
0.093904,0,1,VL
0.09349,0,1,VL
0.092967,0,1,VL
0.092376,0,1,VL
0.092003,0,1,VL
0.092037,0,1,VL
0.092446,0,1,VL
0.093073,0,1,VL
0.093748,0,1,VL
0.094364,0,1,VL
0.094783,0,1,VL
0.094809,0,1,VL
0.094225,0,1,VL
0.093119,0,1,VL
0.091927,0,1,VL
0.091097,0,1,VL
0.090731,0,1,VL
0.090534,0,1,VL
0.090128,0,1,VL
0.08944,0,1,VL
0.088742,0,1,VL
0.088411,0,1,VL
0.088644,0,1,VL
0.089332,0,1,VL
0.090305,0,1,VL
0.091546,0,1,VL
0.093213,0,1,VL
0.095446,0,1,VL
0.097992,0,1,VL
0.10011,0,1,VL
0.10108,0,1,VL
0.10073,0,1,VL
0.099359,0,1,VL
0.097482,0,1,VL
0.095657,0,1,VL
0.094318,0,1,VL
0.093481,0,1,VL
0.092869,0,1,VL
0.092529,0,1,VL
0.093176,0,1,VL
0.095564,0,1,VL
0.099686,0,1,VL
0.10493,0,1,VL
0.11023,0,1,VL
0.11452,0,1,VL
0.11727,0,1,VL
0.11842,0,1,VL
0.11809,0,1,VL
0.11644,0,1,VL
0.11386,0,1,VL
0.11115,0,1,VL
0.10911,0,1,VL
0.10825,0,1,VL
0.1084,0,1,VL
0.10872,0,1,VL
0.10862,0,1,VL
0.10803,0,1,VL
0.10695,0,1,VL
0.10509,0,1,VL
0.10247,0,1,VL
0.099821,0,1,VL
0.09808,0,1,VL
0.097441,0,1,VL
0.097114,0,1,VL
0.09188,0,1,VL
0.059173,0,2,VL
0.058635,0,2,VL
0.057985,0,2,VL
0.057256,0,2,VL
0.056507,0,2,VL
0.055823,0,2,VL
0.055263,0,2,VL
0.054884,0,2,VL
0.054682,0,2,VL
0.054622,0,2,VL
0.05478,0,2,VL
0.055236,0,2,VL
0.056073,0,2,VL
0.057366,0,2,VL
0.059062,0,2,VL
0.060735,0,2,VL
0.061755,0,2,VL
0.061786,0,2,VL
0.060938,0,2,VL
0.059564,0,2,VL
0.05808,0,2,VL
0.056793,0,2,VL
0.055832,0,2,VL
0.055174,0,2,VL
0.054701,0,2,VL
0.054284,0,2,VL
0.053894,0,2,VL
0.053581,0,2,VL
0.053388,0,2,VL
0.053253,0,2,VL
0.053089,0,2,VL
0.0529,0,2,VL
0.052876,0,2,VL
0.053269,0,2,VL
0.054153,0,2,VL
0.055328,0,2,VL
0.056424,0,2,VL
0.057166,0,2,VL
0.057549,0,2,VL
0.05782,0,2,VL
0.058389,0,2,VL
0.059645,0,2,VL
0.061508,0,2,VL
0.063518,0,2,VL
0.065383,0,2,VL
0.067303,0,2,VL
0.069896,0,2,VL
0.073466,0,2,VL
0.077495,0,2,VL
0.080935,0,2,VL
0.082675,0,2,VL
0.08215,0,2,VL
0.079944,0,2,VL
0.077462,0,2,VL
0.075567,0,2,VL
0.074039,0,2,VL
0.072388,0,2,VL
0.07057,0,2,VL
0.069081,0,2,VL
0.068366,0,2,VL
0.068274,0,2,VL
0.068071,0,2,VL
0.066956,0,2,VL
0.064828,0,2,VL
0.062497,0,2,VL
0.060872,0,2,VL
0.056487,0,2,VL
0.063077,0,3,VL
0.061352,0,3,VL
0.059656,0,3,VL
0.058183,0,3,VL
0.056951,0,3,VL
0.055885,0,3,VL
0.054977,0,3,VL
0.054334,0,3,VL
0.054105,0,3,VL
0.054217,0,3,VL
0.054366,0,3,VL
0.054261,0,3,VL
0.053962,0,3,VL
0.053973,0,3,VL
0.054722,0,3,VL
0.056066,0,3,VL
0.057341,0,3,VL
0.057916,0,3,VL
0.05781,0,3,VL
0.057374,0,3,VL
0.056811,0,3,VL
0.056171,0,3,VL
0.055464,0,3,VL
0.054726,0,3,VL
0.053981,0,3,VL
0.053215,0,3,VL
0.052483,0,3,VL
0.051897,0,3,VL
0.051488,0,3,VL
0.051192,0,3,VL
0.050935,0,3,VL
0.050698,0,3,VL
0.05052,0,3,VL
0.050505,0,3,VL
0.050796,0,3,VL
0.051463,0,3,VL
0.052497,0,3,VL
0.053777,0,3,VL
0.055147,0,3,VL
0.056494,0,3,VL
0.057765,0,3,VL
0.058985,0,3,VL
0.060119,0,3,VL
0.060884,0,3,VL
0.061015,0,3,VL
0.060756,0,3,VL
0.06096,0,3,VL
0.062666,0,3,VL
0.066282,0,3,VL
0.070758,0,3,VL
0.074419,0,3,VL
0.076208,0,3,VL
0.076297,0,3,VL
0.075681,0,3,VL
0.075218,0,3,VL
0.074996,0,3,VL
0.074651,0,3,VL
0.073929,0,3,VL
0.072858,0,3,VL
0.07159,0,3,VL
0.070368,0,3,VL
0.069578,0,3,VL
0.069205,0,3,VL
0.068789,0,3,VL
0.067935,0,3,VL
0.066517,0,3,VL
0.058997,0,3,VL
0.057662,0,4,VL
0.057552,0,4,VL
0.057221,0,4,VL
0.056489,0,4,VL
0.055653,0,4,VL
0.055105,0,4,VL
0.054974,0,4,VL
0.055162,0,4,VL
0.055441,0,4,VL
0.055632,0,4,VL
0.05579,0,4,VL
0.056135,0,4,VL
0.05684,0,4,VL
0.057901,0,4,VL
0.059223,0,4,VL
0.060637,0,4,VL
0.061771,0,4,VL
0.062185,0,4,VL
0.061542,0,4,VL
0.059876,0,4,VL
0.057652,0,4,VL
0.055481,0,4,VL
0.053825,0,4,VL
0.052861,0,4,VL
0.052384,0,4,VL
0.052125,0,4,VL
0.051882,0,4,VL
0.051604,0,4,VL
0.051329,0,4,VL
0.051088,0,4,VL
0.050887,0,4,VL
0.0508,0,4,VL
0.051062,0,4,VL
0.051922,0,4,VL
0.053404,0,4,VL
0.055281,0,4,VL
0.057232,0,4,VL
0.059074,0,4,VL
0.060887,0,4,VL
0.062789,0,4,VL
0.064605,0,4,VL
0.065898,0,4,VL
0.066351,0,4,VL
0.066143,0,4,VL
0.065982,0,4,VL
0.06681,0,4,VL
0.069357,0,4,VL
0.073407,0,4,VL
0.077683,0,4,VL
0.080674,0,4,VL
0.081458,0,4,VL
0.080086,0,4,VL
0.077439,0,4,VL
0.074656,0,4,VL
0.072495,0,4,VL
0.071077,0,4,VL
0.069995,0,4,VL
0.068872,0,4,VL
0.06781,0,4,VL
0.06711,0,4,VL
0.066795,0,4,VL
0.06651,0,4,VL
0.065745,0,4,VL
0.064166,0,4,VL
0.061945,0,4,VL
0.059769,0,4,VL
0.05468,0,4,VL
0.072007,10,1,VL
0.07204,10,1,VL
0.072212,10,1,VL
0.072019,10,1,VL
0.07121,10,1,VL
0.070029,10,1,VL
0.069022,10,1,VL
0.068623,10,1,VL
0.068918,10,1,VL
0.069606,10,1,VL
0.070282,10,1,VL
0.070736,10,1,VL
0.071014,10,1,VL
0.071337,10,1,VL
0.071774,10,1,VL
0.072288,10,1,VL
0.072813,10,1,VL
0.073184,10,1,VL
0.073069,10,1,VL
0.07224,10,1,VL
0.070932,10,1,VL
0.06962,10,1,VL
0.06855,10,1,VL
0.067626,10,1,VL
0.066797,10,1,VL
0.066124,10,1,VL
0.065666,10,1,VL
0.065391,10,1,VL
0.065239,10,1,VL
0.065262,10,1,VL
0.065656,10,1,VL
0.066581,10,1,VL
0.067997,10,1,VL
0.069751,10,1,VL
0.071686,10,1,VL
0.073791,10,1,VL
0.075978,10,1,VL
0.077831,10,1,VL
0.078925,10,1,VL
0.079083,10,1,VL
0.078546,10,1,VL
0.077953,10,1,VL
0.077715,10,1,VL
0.077554,10,1,VL
0.076989,10,1,VL
0.076076,10,1,VL
0.075933,10,1,VL
0.0778,10,1,VL
0.081304,10,1,VL
0.08493,10,1,VL
0.08755,10,1,VL
0.088814,10,1,VL
0.088984,10,1,VL
0.088627,10,1,VL
0.088226,10,1,VL
0.087646,10,1,VL
0.086336,10,1,VL
0.084209,10,1,VL
0.081778,10,1,VL
0.079635,10,1,VL
0.077938,10,1,VL
0.076433,10,1,VL
0.075151,10,1,VL
0.074255,10,1,VL
0.073661,10,1,VL
0.073064,10,1,VL
0.068936,10,1,VL
0.093843,10,2,VL
0.092857,10,2,VL
0.091377,10,2,VL
0.089653,10,2,VL
0.087941,10,2,VL
0.08647,10,2,VL
0.085399,10,2,VL
0.084797,10,2,VL
0.084546,10,2,VL
0.084476,10,2,VL
0.084483,10,2,VL
0.084569,10,2,VL
0.084758,10,2,VL
0.084961,10,2,VL
0.085135,10,2,VL
0.085456,10,2,VL
0.0862,10,2,VL
0.087475,10,2,VL
0.088997,10,2,VL
0.090143,10,2,VL
0.09027,10,2,VL
0.089077,10,2,VL
0.086841,10,2,VL
0.084314,10,2,VL
0.082318,10,2,VL
0.081306,10,2,VL
0.081142,10,2,VL
0.0813,10,2,VL
0.081345,10,2,VL
0.081135,10,2,VL
0.080756,10,2,VL
0.080378,10,2,VL
0.080215,10,2,VL
0.080486,10,2,VL
0.081327,10,2,VL
0.082847,10,2,VL
0.085072,10,2,VL
0.087826,10,2,VL
0.090723,10,2,VL
0.093269,10,2,VL
0.095208,10,2,VL
0.096709,10,2,VL
0.098043,10,2,VL
0.09896,10,2,VL
0.098706,10,2,VL
0.096811,10,2,VL
0.093628,10,2,VL
0.090204,10,2,VL
0.087913,10,2,VL
0.088037,10,2,VL
0.09098,10,2,VL
0.095834,10,2,VL
0.10082,10,2,VL
0.10436,10,2,VL
0.10569,10,2,VL
0.10504,10,2,VL
0.10329,10,2,VL
0.10143,10,2,VL
0.10009,10,2,VL
0.099399,10,2,VL
0.09904,10,2,VL
0.098597,10,2,VL
0.097889,10,2,VL
0.097009,10,2,VL
0.096275,10,2,VL
0.095812,10,2,VL
0.088727,10,2,VL
0.075354,10,3,VL
0.074509,10,3,VL
0.073084,10,3,VL
0.071468,10,3,VL
0.070119,10,3,VL
0.069353,10,3,VL
0.069238,10,3,VL
0.069622,10,3,VL
0.070173,10,3,VL
0.0706,10,3,VL
0.070828,10,3,VL
0.070947,10,3,VL
0.071104,10,3,VL
0.071481,10,3,VL
0.072209,10,3,VL
0.073216,10,3,VL
0.074142,10,3,VL
0.074516,10,3,VL
0.074009,10,3,VL
0.072617,10,3,VL
0.070675,10,3,VL
0.068702,10,3,VL
0.067205,10,3,VL
0.066369,10,3,VL
0.066027,10,3,VL
0.0659,10,3,VL
0.065791,10,3,VL
0.065663,10,3,VL
0.065566,10,3,VL
0.065569,10,3,VL
0.065792,10,3,VL
0.066418,10,3,VL
0.067629,10,3,VL
0.069552,10,3,VL
0.072063,10,3,VL
0.074849,10,3,VL
0.077533,10,3,VL
0.079885,10,3,VL
0.081885,10,3,VL
0.08348,10,3,VL
0.084464,10,3,VL
0.084682,10,3,VL
0.08425,10,3,VL
0.083408,10,3,VL
0.082254,10,3,VL
0.080899,10,3,VL
0.079883,10,3,VL
0.080106,10,3,VL
0.082047,10,3,VL
0.085279,10,3,VL
0.088656,10,3,VL
0.090976,10,3,VL
0.091644,10,3,VL
0.090872,10,3,VL
0.089438,10,3,VL
0.088091,10,3,VL
0.086887,10,3,VL
0.085323,10,3,VL
0.083241,10,3,VL
0.0812,10,3,VL
0.079965,10,3,VL
0.079548,10,3,VL
0.079261,10,3,VL
0.078667,10,3,VL
0.07793,10,3,VL
0.077338,10,3,VL
0.071705,10,3,VL
0.065915,10,4,VL
0.065112,10,4,VL
0.064282,10,4,VL
0.063606,10,4,VL
0.063216,10,4,VL
0.06307,10,4,VL
0.063047,10,4,VL
0.063085,10,4,VL
0.06318,10,4,VL
0.063315,10,4,VL
0.063501,10,4,VL
0.063922,10,4,VL
0.064894,10,4,VL
0.066528,10,4,VL
0.068562,10,4,VL
0.070478,10,4,VL
0.071722,10,4,VL
0.071855,10,4,VL
0.070664,10,4,VL
0.068314,10,4,VL
0.065392,10,4,VL
0.062669,10,4,VL
0.060719,10,4,VL
0.059727,10,4,VL
0.059394,10,4,VL
0.059357,10,4,VL
0.05935,10,4,VL
0.059255,10,4,VL
0.059033,10,4,VL
0.058735,10,4,VL
0.058527,10,4,VL
0.058694,10,4,VL
0.059513,10,4,VL
0.061053,10,4,VL
0.063179,10,4,VL
0.065595,10,4,VL
0.068002,10,4,VL
0.070294,10,4,VL
0.07251,10,4,VL
0.074622,10,4,VL
0.076436,10,4,VL
0.077615,10,4,VL
0.077808,10,4,VL
0.076921,10,4,VL
0.075322,10,4,VL
0.073833,10,4,VL
0.073446,10,4,VL
0.07465,10,4,VL
0.077105,10,4,VL
0.079918,10,4,VL
0.08224,10,4,VL
0.08366,10,4,VL
0.084096,10,4,VL
0.083598,10,4,VL
0.082395,10,4,VL
0.080885,10,4,VL
0.079398,10,4,VL
0.078046,10,4,VL
0.076835,10,4,VL
0.075797,10,4,VL
0.074939,10,4,VL
0.074099,10,4,VL
0.073025,10,4,VL
0.071591,10,4,VL
0.069952,10,4,VL
0.068384,10,4,VL
0.063188,10,4,VL
0.062118,20,1,VL
0.060549,20,1,VL
0.058679,20,1,VL
0.057186,20,1,VL
0.056478,20,1,VL
0.056471,20,1,VL
0.056853,20,1,VL
0.057427,20,1,VL
0.058166,20,1,VL
0.058942,20,1,VL
0.059636,20,1,VL
0.060277,20,1,VL
0.061082,20,1,VL
0.062081,20,1,VL
0.062739,20,1,VL
0.062413,20,1,VL
0.061048,20,1,VL
0.059223,20,1,VL
0.057634,20,1,VL
0.056541,20,1,VL
0.055837,20,1,VL
0.05521,20,1,VL
0.054546,20,1,VL
0.053884,20,1,VL
0.053313,20,1,VL
0.053008,20,1,VL
0.053205,20,1,VL
0.054033,20,1,VL
0.055415,20,1,VL
0.057208,20,1,VL
0.059406,20,1,VL
0.062093,20,1,VL
0.065077,20,1,VL
0.067803,20,1,VL
0.069801,20,1,VL
0.071084,20,1,VL
0.07197,20,1,VL
0.07248,20,1,VL
0.072107,20,1,VL
0.070333,20,1,VL
0.067245,20,1,VL
0.06372,20,1,VL
0.061329,20,1,VL
0.06181,20,1,VL
0.065654,20,1,VL
0.071645,20,1,VL
0.077444,20,1,VL
0.081129,20,1,VL
0.082155,20,1,VL
0.081152,20,1,VL
0.079262,20,1,VL
0.07749,20,1,VL
0.076302,20,1,VL
0.075695,20,1,VL
0.075376,20,1,VL
0.075164,20,1,VL
0.075117,20,1,VL
0.075333,20,1,VL
0.075675,20,1,VL
0.075668,20,1,VL
0.074606,20,1,VL
0.072173,20,1,VL
0.068958,20,1,VL
0.066105,20,1,VL
0.0644,20,1,VL
0.063689,20,1,VL
0.058494,20,1,VL
0.068833,20,2,VL
0.068464,20,2,VL
0.067683,20,2,VL
0.066978,20,2,VL
0.066714,20,2,VL
0.066933,20,2,VL
0.067341,20,2,VL
0.06763,20,2,VL
0.067741,20,2,VL
0.067973,20,2,VL
0.068704,20,2,VL
0.070023,20,2,VL
0.071542,20,2,VL
0.072665,20,2,VL
0.072978,20,2,VL
0.072299,20,2,VL
0.070635,20,2,VL
0.068413,20,2,VL
0.066439,20,2,VL
0.065256,20,2,VL
0.064772,20,2,VL
0.064404,20,2,VL
0.063858,20,2,VL
0.063178,20,2,VL
0.062536,20,2,VL
0.062036,20,2,VL
0.06174,20,2,VL
0.061748,20,2,VL
0.062263,20,2,VL
0.063558,20,2,VL
0.06576,20,2,VL
0.068707,20,2,VL
0.071865,20,2,VL
0.074643,20,2,VL
0.076934,20,2,VL
0.079144,20,2,VL
0.081564,20,2,VL
0.083918,20,2,VL
0.085518,20,2,VL
0.085692,20,2,VL
0.084147,20,2,VL
0.081322,20,2,VL
0.078591,20,2,VL
0.077579,20,2,VL
0.078949,20,2,VL
0.082226,20,2,VL
0.086173,20,2,VL
0.0893,20,2,VL
0.090492,20,2,VL
0.089733,20,2,VL
0.088088,20,2,VL
0.086852,20,2,VL
0.086595,20,2,VL
0.086596,20,2,VL
0.085748,20,2,VL
0.083962,20,2,VL
0.082267,20,2,VL
0.081504,20,2,VL
0.081196,20,2,VL
0.080113,20,2,VL
0.077612,20,2,VL
0.074197,20,2,VL
0.07099,20,2,VL
0.06892,20,2,VL
0.0682,20,2,VL
0.06845,20,2,VL
0.06505,20,2,VL
0.068668,20,3,VL
0.068132,20,3,VL
0.067915,20,3,VL
0.067786,20,3,VL
0.067606,20,3,VL
0.067354,20,3,VL
0.067171,20,3,VL
0.067256,20,3,VL
0.067665,20,3,VL
0.06826,20,3,VL
0.068905,20,3,VL
0.069631,20,3,VL
0.070502,20,3,VL
0.071366,20,3,VL
0.071807,20,3,VL
0.071444,20,3,VL
0.070266,20,3,VL
0.06865,20,3,VL
0.06713,20,3,VL
0.066014,20,3,VL
0.065268,20,3,VL
0.064757,20,3,VL
0.064334,20,3,VL
0.063878,20,3,VL
0.063352,20,3,VL
0.062758,20,3,VL
0.062144,20,3,VL
0.061691,20,3,VL
0.061771,20,3,VL
0.062722,20,3,VL
0.064565,20,3,VL
0.066983,20,3,VL
0.069482,20,3,VL
0.071755,20,3,VL
0.07385,20,3,VL
0.07608,20,3,VL
0.078743,20,3,VL
0.081921,20,3,VL
0.085431,20,3,VL
0.088661,20,3,VL
0.090667,20,3,VL
0.09061,20,3,VL
0.088306,20,3,VL
0.08465,20,3,VL
0.081438,20,3,VL
0.080271,20,3,VL
0.081635,20,3,VL
0.084838,20,3,VL
0.088525,20,3,VL
0.091435,20,3,VL
0.092685,20,3,VL
0.091936,20,3,VL
0.089615,20,3,VL
0.08685,20,3,VL
0.084897,20,3,VL
0.084358,20,3,VL
0.084789,20,3,VL
0.085107,20,3,VL
0.084545,20,3,VL
0.083117,20,3,VL
0.081258,20,3,VL
0.079339,20,3,VL
0.077519,20,3,VL
0.075794,20,3,VL
0.07405,20,3,VL
0.072293,20,3,VL
0.066749,20,3,VL
0.065939,20,4,VL
0.064926,20,4,VL
0.063436,20,4,VL
0.061923,20,4,VL
0.060768,20,4,VL
0.060058,20,4,VL
0.059637,20,4,VL
0.059322,20,4,VL
0.058954,20,4,VL
0.058478,20,4,VL
0.058018,20,4,VL
0.057808,20,4,VL
0.05797,20,4,VL
0.058487,20,4,VL
0.059272,20,4,VL
0.060256,20,4,VL
0.061422,20,4,VL
0.062726,20,4,VL
0.064031,20,4,VL
0.065078,20,4,VL
0.065593,20,4,VL
0.065456,20,4,VL
0.064678,20,4,VL
0.063261,20,4,VL
0.061223,20,4,VL
0.058839,20,4,VL
0.056617,20,4,VL
0.055003,20,4,VL
0.054116,20,4,VL
0.05375,20,4,VL
0.053563,20,4,VL
0.053366,20,4,VL
0.053177,20,4,VL
0.053113,20,4,VL
0.053273,20,4,VL
0.053687,20,4,VL
0.054391,20,4,VL
0.055508,20,4,VL
0.057156,20,4,VL
0.059383,20,4,VL
0.062137,20,4,VL
0.065318,20,4,VL
0.068865,20,4,VL
0.072589,20,4,VL
0.076022,20,4,VL
0.078515,20,4,VL
0.079563,20,4,VL
0.079049,20,4,VL
0.07729,20,4,VL
0.075029,20,4,VL
0.073372,20,4,VL
0.073339,20,4,VL
0.075129,20,4,VL
0.078075,20,4,VL
0.081013,20,4,VL
0.082756,20,4,VL
0.082628,20,4,VL
0.080777,20,4,VL
0.078022,20,4,VL
0.075258,20,4,VL
0.072928,20,4,VL
0.070979,20,4,VL
0.069294,20,4,VL
0.068054,20,4,VL
0.067447,20,4,VL
0.067268,20,4,VL
0.060867,20,4,VL
0.065045,30,1,VL
0.063648,30,1,VL
0.063018,30,1,VL
0.062743,30,1,VL
0.06221,30,1,VL
0.061189,30,1,VL
0.059979,30,1,VL
0.059029,30,1,VL
0.05853,30,1,VL
0.058252,30,1,VL
0.057836,30,1,VL
0.057271,30,1,VL
0.056867,30,1,VL
0.056919,30,1,VL
0.057437,30,1,VL
0.058167,30,1,VL
0.058772,30,1,VL
0.059117,30,1,VL
0.059349,30,1,VL
0.05961,30,1,VL
0.059749,30,1,VL
0.059413,30,1,VL
0.058388,30,1,VL
0.056873,30,1,VL
0.055342,30,1,VL
0.054176,30,1,VL
0.053492,30,1,VL
0.053193,30,1,VL
0.053049,30,1,VL
0.052922,30,1,VL
0.05289,30,1,VL
0.053233,30,1,VL
0.054232,30,1,VL
0.055886,30,1,VL
0.057929,30,1,VL
0.06012,30,1,VL
0.06237,30,1,VL
0.064682,30,1,VL
0.067075,30,1,VL
0.069635,30,1,VL
0.072333,30,1,VL
0.074845,30,1,VL
0.076599,30,1,VL
0.07709,30,1,VL
0.076229,30,1,VL
0.074398,30,1,VL
0.072266,30,1,VL
0.070489,30,1,VL
0.069754,30,1,VL
0.070527,30,1,VL
0.072476,30,1,VL
0.074843,30,1,VL
0.076664,30,1,VL
0.077315,30,1,VL
0.076891,30,1,VL
0.075926,30,1,VL
0.074969,30,1,VL
0.074335,30,1,VL
0.074048,30,1,VL
0.074001,30,1,VL
0.073951,30,1,VL
0.073694,30,1,VL
0.073196,30,1,VL
0.072477,30,1,VL
0.071408,30,1,VL
0.069777,30,1,VL
0.061837,30,1,VL
0.066102,30,2,VL
0.066875,30,2,VL
0.067235,30,2,VL
0.067083,30,2,VL
0.066607,30,2,VL
0.06607,30,2,VL
0.065756,30,2,VL
0.065875,30,2,VL
0.066462,30,2,VL
0.067302,30,2,VL
0.068081,30,2,VL
0.068654,30,2,VL
0.069067,30,2,VL
0.069384,30,2,VL
0.069467,30,2,VL
0.069063,30,2,VL
0.068125,30,2,VL
0.066897,30,2,VL
0.065662,30,2,VL
0.064579,30,2,VL
0.063697,30,2,VL
0.06302,30,2,VL
0.062546,30,2,VL
0.062245,30,2,VL
0.062087,30,2,VL
0.062083,30,2,VL
0.062339,30,2,VL
0.063031,30,2,VL
0.064353,30,2,VL
0.066401,30,2,VL
0.069057,30,2,VL
0.072076,30,2,VL
0.075218,30,2,VL
0.078432,30,2,VL
0.081814,30,2,VL
0.085163,30,2,VL
0.087767,30,2,VL
0.088715,30,2,VL
0.087518,30,2,VL
0.08458,30,2,VL
0.0809,30,2,VL
0.077355,30,2,VL
0.074497,30,2,VL
0.072965,30,2,VL
0.073537,30,2,VL
0.076581,30,2,VL
0.081411,30,2,VL
0.086371,30,2,VL
0.089739,30,2,VL
0.090498,30,2,VL
0.088752,30,2,VL
0.085688,30,2,VL
0.082979,30,2,VL
0.081703,30,2,VL
0.081517,30,2,VL
0.08137,30,2,VL
0.080608,30,2,VL
0.079177,30,2,VL
0.077246,30,2,VL
0.075059,30,2,VL
0.072923,30,2,VL
0.071074,30,2,VL
0.069431,30,2,VL
0.067846,30,2,VL
0.066519,30,2,VL
0.065842,30,2,VL
0.063162,30,2,VL
0.079719,30,3,VL
0.079869,30,3,VL
0.079745,30,3,VL
0.079595,30,3,VL
0.079617,30,3,VL
0.079687,30,3,VL
0.079562,30,3,VL
0.079253,30,3,VL
0.079011,30,3,VL
0.079065,30,3,VL
0.079456,30,3,VL
0.080009,30,3,VL
0.080495,30,3,VL
0.080853,30,3,VL
0.081211,30,3,VL
0.081759,30,3,VL
0.082493,30,3,VL
0.083052,30,3,VL
0.082952,30,3,VL
0.082047,30,3,VL
0.080546,30,3,VL
0.078855,30,3,VL
0.077369,30,3,VL
0.076278,30,3,VL
0.07562,30,3,VL
0.075275,30,3,VL
0.075083,30,3,VL
0.074929,30,3,VL
0.074761,30,3,VL
0.074585,30,3,VL
0.074465,30,3,VL
0.07459,30,3,VL
0.075224,30,3,VL
0.076606,30,3,VL
0.078781,30,3,VL
0.081607,30,3,VL
0.084834,30,3,VL
0.088197,30,3,VL
0.091548,30,3,VL
0.094781,30,3,VL
0.097635,30,3,VL
0.099773,30,3,VL
0.10109,30,3,VL
0.10186,30,3,VL
0.10244,30,3,VL
0.10288,30,3,VL
0.10286,30,3,VL
0.10206,30,3,VL
0.10077,30,3,VL
0.099748,30,3,VL
0.099457,30,3,VL
0.099464,30,3,VL
0.098946,30,3,VL
0.097477,30,3,VL
0.09531,30,3,VL
0.093107,30,3,VL
0.091579,30,3,VL
0.091139,30,3,VL
0.091461,30,3,VL
0.091613,30,3,VL
0.090673,30,3,VL
0.088396,30,3,VL
0.08537,30,3,VL
0.082627,30,3,VL
0.080915,30,3,VL
0.080228,30,3,VL
0.076904,30,3,VL
0.061086,30,4,VL
0.060074,30,4,VL
0.059465,30,4,VL
0.059407,30,4,VL
0.059868,30,4,VL
0.060543,30,4,VL
0.060997,30,4,VL
0.060912,30,4,VL
0.060338,30,4,VL
0.059642,30,4,VL
0.059234,30,4,VL
0.059367,30,4,VL
0.059983,30,4,VL
0.060851,30,4,VL
0.061883,30,4,VL
0.063116,30,4,VL
0.06452,30,4,VL
0.065817,30,4,VL
0.066514,30,4,VL
0.066135,30,4,VL
0.064614,30,4,VL
0.062372,30,4,VL
0.060012,30,4,VL
0.058061,30,4,VL
0.056773,30,4,VL
0.056132,30,4,VL
0.055947,30,4,VL
0.055966,30,4,VL
0.055973,30,4,VL
0.055867,30,4,VL
0.055673,30,4,VL
0.055549,30,4,VL
0.055765,30,4,VL
0.056602,30,4,VL
0.058178,30,4,VL
0.060335,30,4,VL
0.062661,30,4,VL
0.064687,30,4,VL
0.066157,30,4,VL
0.067164,30,4,VL
0.067962,30,4,VL
0.068643,30,4,VL
0.069014,30,4,VL
0.068799,30,4,VL
0.068013,30,4,VL
0.067187,30,4,VL
0.067293,30,4,VL
0.069018,30,4,VL
0.072166,30,4,VL
0.075887,30,4,VL
0.079178,30,4,VL
0.081277,30,4,VL
0.081789,30,4,VL
0.080713,30,4,VL
0.0786,30,4,VL
0.076446,30,4,VL
0.074967,30,4,VL
0.073964,30,4,VL
0.072783,30,4,VL
0.07125,30,4,VL
0.069784,30,4,VL
0.068742,30,4,VL
0.067992,30,4,VL
0.067132,30,4,VL
0.065925,30,4,VL
0.064429,30,4,VL
0.059548,30,4,VL
0.13276,0,1,GL
0.13917,0,1,GL
0.14436,0,1,GL
0.14649,0,1,GL
0.1452,0,1,GL
0.1416,0,1,GL
0.13698,0,1,GL
0.13191,0,1,GL
0.12686,0,1,GL
0.12144,0,1,GL
0.11505,0,1,GL
0.10795,0,1,GL
0.1014,0,1,GL
0.096801,0,1,GL
0.095112,0,1,GL
0.09611,0,1,GL
0.098043,0,1,GL
0.10002,0,1,GL
0.10123,0,1,GL
0.10135,0,1,GL
0.10061,0,1,GL
0.099659,0,1,GL
0.099126,0,1,GL
0.099267,0,1,GL
0.099773,0,1,GL
0.10011,0,1,GL
0.099887,0,1,GL
0.09905,0,1,GL
0.097915,0,1,GL
0.097137,0,1,GL
0.097283,0,1,GL
0.098264,0,1,GL
0.099376,0,1,GL
0.1001,0,1,GL
0.10047,0,1,GL
0.10088,0,1,GL
0.10167,0,1,GL
0.10259,0,1,GL
0.10305,0,1,GL
0.10278,0,1,GL
0.10218,0,1,GL
0.10175,0,1,GL
0.10164,0,1,GL
0.10172,0,1,GL
0.10193,0,1,GL
0.10234,0,1,GL
0.1031,0,1,GL
0.10425,0,1,GL
0.10555,0,1,GL
0.10643,0,1,GL
0.10656,0,1,GL
0.10619,0,1,GL
0.10566,0,1,GL
0.10487,0,1,GL
0.10343,0,1,GL
0.10135,0,1,GL
0.09967,0,1,GL
0.099962,0,1,GL
0.10313,0,1,GL
0.10893,0,1,GL
0.11559,0,1,GL
0.1211,0,1,GL
0.12455,0,1,GL
0.12661,0,1,GL
0.12809,0,1,GL
0.12892,0,1,GL
0.11221,0,1,GL
0.07594,0,2,GL
0.077343,0,2,GL
0.078814,0,2,GL
0.080339,0,2,GL
0.083037,0,2,GL
0.088123,0,2,GL
0.095772,0,2,GL
0.10405,0,2,GL
0.11026,0,2,GL
0.11156,0,2,GL
0.10671,0,2,GL
0.097131,0,2,GL
0.085748,0,2,GL
0.075011,0,2,GL
0.066545,0,2,GL
0.061236,0,2,GL
0.059524,0,2,GL
0.061143,0,2,GL
0.06508,0,2,GL
0.069344,0,2,GL
0.071753,0,2,GL
0.070985,0,2,GL
0.067465,0,2,GL
0.063116,0,2,GL
0.060008,0,2,GL
0.059071,0,2,GL
0.05973,0,2,GL
0.060561,0,2,GL
0.060531,0,2,GL
0.059486,0,2,GL
0.058022,0,2,GL
0.056909,0,2,GL
0.056623,0,2,GL
0.05715,0,2,GL
0.058185,0,2,GL
0.059336,0,2,GL
0.060384,0,2,GL
0.061368,0,2,GL
0.062321,0,2,GL
0.063066,0,2,GL
0.063378,0,2,GL
0.063339,0,2,GL
0.063483,0,2,GL
0.064145,0,2,GL
0.064879,0,2,GL
0.065062,0,2,GL
0.064732,0,2,GL
0.064785,0,2,GL
0.066307,0,2,GL
0.069432,0,2,GL
0.073076,0,2,GL
0.075761,0,2,GL
0.076628,0,2,GL
0.075734,0,2,GL
0.073741,0,2,GL
0.071548,0,2,GL
0.06986,0,2,GL
0.068834,0,2,GL
0.068166,0,2,GL
0.067711,0,2,GL
0.067854,0,2,GL
0.069143,0,2,GL
0.071305,0,2,GL
0.073544,0,2,GL
0.075178,0,2,GL
0.076115,0,2,GL
0.066626,0,2,GL
0.072009,0,3,GL
0.077988,0,3,GL
0.083266,0,3,GL
0.086904,0,3,GL
0.089359,0,3,GL
0.0925,0,3,GL
0.098539,0,3,GL
0.10833,0,3,GL
0.12039,0,3,GL
0.13145,0,3,GL
0.13787,0,3,GL
0.13698,0,3,GL
0.12858,0,3,GL
0.11499,0,3,GL
0.099626,0,3,GL
0.085457,0,3,GL
0.074227,0,3,GL
0.066287,0,3,GL
0.061743,0,3,GL
0.06075,0,3,GL
0.062797,0,3,GL
0.066503,0,3,GL
0.069188,0,3,GL
0.069126,0,3,GL
0.066172,0,3,GL
0.061996,0,3,GL
0.058995,0,3,GL
0.058399,0,3,GL
0.059693,0,3,GL
0.061302,0,3,GL
0.061938,0,3,GL
0.061266,0,3,GL
0.059737,0,3,GL
0.057998,0,3,GL
0.056562,0,3,GL
0.05574,0,3,GL
0.055749,0,3,GL
0.056727,0,3,GL
0.058579,0,3,GL
0.061007,0,3,GL
0.0636,0,3,GL
0.065947,0,3,GL
0.067681,0,3,GL
0.068572,0,3,GL
0.068723,0,3,GL
0.068622,0,3,GL
0.068817,0,3,GL
0.069448,0,3,GL
0.070076,0,3,GL
0.070237,0,3,GL
0.070146,0,3,GL
0.070677,0,3,GL
0.072271,0,3,GL
0.074408,0,3,GL
0.076154,0,3,GL
0.076785,0,3,GL
0.075968,0,3,GL
0.0738,0,3,GL
0.070751,0,3,GL
0.067639,0,3,GL
0.065345,0,3,GL
0.064344,0,3,GL
0.064412,0,3,GL
0.064957,0,3,GL
0.065594,0,3,GL
0.066619,0,3,GL
0.060057,0,3,GL
0.095458,0,4,GL
0.098063,0,4,GL
0.10244,0,4,GL
0.10931,0,4,GL
0.11865,0,4,GL
0.12875,0,4,GL
0.13618,0,4,GL
0.138,0,4,GL
0.13425,0,4,GL
0.12711,0,4,GL
0.11883,0,4,GL
0.1108,0,4,GL
0.10296,0,4,GL
0.094535,0,4,GL
0.085317,0,4,GL
0.076213,0,4,GL
0.068928,0,4,GL
0.064964,0,4,GL
0.064403,0,4,GL
0.065947,0,4,GL
0.067903,0,4,GL
0.068623,0,4,GL
0.067669,0,4,GL
0.065331,0,4,GL
0.062978,0,4,GL
0.061859,0,4,GL
0.062321,0,4,GL
0.063862,0,4,GL
0.065398,0,4,GL
0.065689,0,4,GL
0.064307,0,4,GL
0.061879,0,4,GL
0.059635,0,4,GL
0.058618,0,4,GL
0.058988,0,4,GL
0.060205,0,4,GL
0.061688,0,4,GL
0.063387,0,4,GL
0.065517,0,4,GL
0.067933,0,4,GL
0.070122,0,4,GL
0.07165,0,4,GL
0.07263,0,4,GL
0.073606,0,4,GL
0.074984,0,4,GL
0.076417,0,4,GL
0.076986,0,4,GL
0.076105,0,4,GL
0.07424,0,4,GL
0.072675,0,4,GL
0.072506,0,4,GL
0.073676,0,4,GL
0.075002,0,4,GL
0.075247,0,4,GL
0.074001,0,4,GL
0.071868,0,4,GL
0.069958,0,4,GL
0.069025,0,4,GL
0.069056,0,4,GL
0.069967,0,4,GL
0.071974,0,4,GL
0.075547,0,4,GL
0.080947,0,4,GL
0.087309,0,4,GL
0.092916,0,4,GL
0.096438,0,4,GL
0.079125,0,4,GL
0.094254,10,1,GL
0.095734,10,1,GL
0.096418,10,1,GL
0.096735,10,1,GL
0.098244,10,1,GL
0.10196,10,1,GL
0.10645,10,1,GL
0.10853,10,1,GL
0.10652,10,1,GL
0.10126,10,1,GL
0.09542,10,1,GL
0.091622,10,1,GL
0.089581,10,1,GL
0.087436,10,1,GL
0.083673,10,1,GL
0.07867,10,1,GL
0.074161,10,1,GL
0.071785,10,1,GL
0.071716,10,1,GL
0.073194,10,1,GL
0.075304,10,1,GL
0.077315,10,1,GL
0.078718,10,1,GL
0.079183,10,1,GL
0.078739,10,1,GL
0.077792,10,1,GL
0.076779,10,1,GL
0.075825,10,1,GL
0.074839,10,1,GL
0.07374,10,1,GL
0.072638,10,1,GL
0.071791,10,1,GL
0.071383,10,1,GL
0.071453,10,1,GL
0.071935,10,1,GL
0.07257,10,1,GL
0.072993,10,1,GL
0.073035,10,1,GL
0.072884,10,1,GL
0.072927,10,1,GL
0.073382,10,1,GL
0.074193,10,1,GL
0.075276,10,1,GL
0.076511,10,1,GL
0.077467,10,1,GL
0.077603,10,1,GL
0.076837,10,1,GL
0.075763,10,1,GL
0.075218,10,1,GL
0.075539,10,1,GL
0.076492,10,1,GL
0.077908,10,1,GL
0.079729,10,1,GL
0.081522,10,1,GL
0.082546,10,1,GL
0.08228,10,1,GL
0.080809,10,1,GL
0.078966,10,1,GL
0.077852,10,1,GL
0.078364,10,1,GL
0.080961,10,1,GL
0.085035,10,1,GL
0.089184,10,1,GL
0.092152,10,1,GL
0.093471,10,1,GL
0.093776,10,1,GL
0.082134,10,1,GL
0.10235,10,2,GL
0.10562,10,2,GL
0.10759,10,2,GL
0.10933,10,2,GL
0.11237,10,2,GL
0.1171,10,2,GL
0.12259,10,2,GL
0.12693,10,2,GL
0.12819,10,2,GL
0.12558,10,2,GL
0.12025,10,2,GL
0.11428,10,2,GL
0.10929,10,2,GL
0.10587,10,2,GL
0.10316,10,2,GL
0.099935,10,2,GL
0.095877,10,2,GL
0.091749,10,2,GL
0.088573,10,2,GL
0.087165,10,2,GL
0.087427,10,2,GL
0.088712,10,2,GL
0.090395,10,2,GL
0.092111,10,2,GL
0.093568,10,2,GL
0.094482,10,2,GL
0.094776,10,2,GL
0.094677,10,2,GL
0.094503,10,2,GL
0.094381,10,2,GL
0.09419,10,2,GL
0.093651,10,2,GL
0.092535,10,2,GL
0.09092,10,2,GL
0.089265,10,2,GL
0.088116,10,2,GL
0.087721,10,2,GL
0.087969,10,2,GL
0.08867,10,2,GL
0.089757,10,2,GL
0.091266,10,2,GL
0.093134,10,2,GL
0.094971,10,2,GL
0.096205,10,2,GL
0.096566,10,2,GL
0.096426,10,2,GL
0.096544,10,2,GL
0.097326,10,2,GL
0.098424,10,2,GL
0.098989,10,2,GL
0.098375,10,2,GL
0.096751,10,2,GL
0.094978,10,2,GL
0.09402,10,2,GL
0.094469,10,2,GL
0.096173,10,2,GL
0.098269,10,2,GL
0.099669,10,2,GL
0.099622,10,2,GL
0.098029,10,2,GL
0.095491,10,2,GL
0.093019,10,2,GL
0.091535,10,2,GL
0.091641,10,2,GL
0.09356,10,2,GL
0.097136,10,2,GL
0.090985,10,2,GL
0.10976,10,3,GL
0.11286,10,3,GL
0.11329,10,3,GL
0.1115,10,3,GL
0.10855,10,3,GL
0.10553,10,3,GL
0.10309,10,3,GL
0.10121,10,3,GL
0.09938,10,3,GL
0.097002,10,3,GL
0.093881,10,3,GL
0.090395,10,3,GL
0.087158,10,3,GL
0.084636,10,3,GL
0.082669,10,3,GL
0.080879,10,3,GL
0.078961,10,3,GL
0.076872,10,3,GL
0.075182,10,3,GL
0.07487,10,3,GL
0.076477,10,3,GL
0.079462,10,3,GL
0.082379,10,3,GL
0.083843,10,3,GL
0.083588,10,3,GL
0.08254,10,3,GL
0.081872,10,3,GL
0.081867,10,3,GL
0.081819,10,3,GL
0.080974,10,3,GL
0.079252,10,3,GL
0.077183,10,3,GL
0.075459,10,3,GL
0.074557,10,3,GL
0.074533,10,3,GL
0.075091,10,3,GL
0.075995,10,3,GL
0.077329,10,3,GL
0.079265,10,3,GL
0.081656,10,3,GL
0.084064,10,3,GL
0.08617,10,3,GL
0.087962,10,3,GL
0.089429,10,3,GL
0.090323,10,3,GL
0.090335,10,3,GL
0.089452,10,3,GL
0.088013,10,3,GL
0.086353,10,3,GL
0.084663,10,3,GL
0.083263,10,3,GL
0.082645,10,3,GL
0.083112,10,3,GL
0.084255,10,3,GL
0.085042,10,3,GL
0.084706,10,3,GL
0.083257,10,3,GL
0.081289,10,3,GL
0.079545,10,3,GL
0.078587,10,3,GL
0.078731,10,3,GL
0.080292,10,3,GL
0.083643,10,3,GL
0.088946,10,3,GL
0.095922,10,3,GL
0.10352,10,3,GL
0.090687,10,3,GL
0.095786,10,4,GL
0.099008,10,4,GL
0.10265,10,4,GL
0.10588,10,4,GL
0.10741,10,4,GL
0.10665,10,4,GL
0.10433,10,4,GL
0.10191,10,4,GL
0.10032,10,4,GL
0.099394,10,4,GL
0.098183,10,4,GL
0.095694,10,4,GL
0.091833,10,4,GL
0.087679,10,4,GL
0.084463,10,4,GL
0.082548,10,4,GL
0.081304,10,4,GL
0.079812,10,4,GL
0.077612,10,4,GL
0.075005,10,4,GL
0.072878,10,4,GL
0.072047,10,4,GL
0.072609,10,4,GL
0.073988,10,4,GL
0.075333,10,4,GL
0.076153,10,4,GL
0.076485,10,4,GL
0.076544,10,4,GL
0.076373,10,4,GL
0.075785,10,4,GL
0.074555,10,4,GL
0.072654,10,4,GL
0.070379,10,4,GL
0.068304,10,4,GL
0.066994,10,4,GL
0.066665,10,4,GL
0.067143,10,4,GL
0.068125,10,4,GL
0.069448,10,4,GL
0.071138,10,4,GL
0.073292,10,4,GL
0.075943,10,4,GL
0.078958,10,4,GL
0.082009,10,4,GL
0.084634,10,4,GL
0.086253,10,4,GL
0.08634,10,4,GL
0.08481,10,4,GL
0.082246,10,4,GL
0.079661,10,4,GL
0.077934,10,4,GL
0.077365,10,4,GL
0.077786,10,4,GL
0.078851,10,4,GL
0.079942,10,4,GL
0.08017,10,4,GL
0.078874,10,4,GL
0.07615,10,4,GL
0.072829,10,4,GL
0.070064,10,4,GL
0.069033,10,4,GL
0.070439,10,4,GL
0.074378,10,4,GL
0.080124,10,4,GL
0.086243,10,4,GL
0.091358,10,4,GL
0.079476,10,4,GL
0.075024,20,1,GL
0.076148,20,1,GL
0.078569,20,1,GL
0.081939,20,1,GL
0.085272,20,1,GL
0.087104,20,1,GL
0.086497,20,1,GL
0.083331,20,1,GL
0.078086,20,1,GL
0.071647,20,1,GL
0.065337,20,1,GL
0.060427,20,1,GL
0.057769,20,1,GL
0.057445,20,1,GL
0.058802,20,1,GL
0.061022,20,1,GL
0.063292,20,1,GL
0.065002,20,1,GL
0.065968,20,1,GL
0.06631,20,1,GL
0.066189,20,1,GL
0.065774,20,1,GL
0.06533,20,1,GL
0.06502,20,1,GL
0.064639,20,1,GL
0.063816,20,1,GL
0.062524,20,1,GL
0.061184,20,1,GL
0.06024,20,1,GL
0.05995,20,1,GL
0.060475,20,1,GL
0.061757,20,1,GL
0.063371,20,1,GL
0.064734,20,1,GL
0.065531,20,1,GL
0.065946,20,1,GL
0.066452,20,1,GL
0.067332,20,1,GL
0.068523,20,1,GL
0.06983,20,1,GL
0.070994,20,1,GL
0.071606,20,1,GL
0.071241,20,1,GL
0.069805,20,1,GL
0.067817,20,1,GL
0.066181,20,1,GL
0.065661,20,1,GL
0.066635,20,1,GL
0.068978,20,1,GL
0.071929,20,1,GL
0.074239,20,1,GL
0.07486,20,1,GL
0.073714,20,1,GL
0.071638,20,1,GL
0.069579,20,1,GL
0.067909,20,1,GL
0.06636,20,1,GL
0.064569,20,1,GL
0.062585,20,1,GL
0.06112,20,1,GL
0.061446,20,1,GL
0.06421,20,1,GL
0.068523,20,1,GL
0.072943,20,1,GL
0.076246,20,1,GL
0.077986,20,1,GL
0.067895,20,1,GL
0.10438,20,2,GL
0.099479,20,2,GL
0.095995,20,2,GL
0.09419,20,2,GL
0.093636,20,2,GL
0.093733,20,2,GL
0.093378,20,2,GL
0.091551,20,2,GL
0.088183,20,2,GL
0.084176,20,2,GL
0.080358,20,2,GL
0.076804,20,2,GL
0.073487,20,2,GL
0.070721,20,2,GL
0.068958,20,2,GL
0.06839,20,2,GL
0.068685,20,2,GL
0.069428,20,2,GL
0.070369,20,2,GL
0.071515,20,2,GL
0.072685,20,2,GL
0.073701,20,2,GL
0.074494,20,2,GL
0.074937,20,2,GL
0.075003,20,2,GL
0.074631,20,2,GL
0.073642,20,2,GL
0.072032,20,2,GL
0.070259,20,2,GL
0.068988,20,2,GL
0.068635,20,2,GL
0.069219,20,2,GL
0.070384,20,2,GL
0.071731,20,2,GL
0.073097,20,2,GL
0.074456,20,2,GL
0.075785,20,2,GL
0.076968,20,2,GL
0.077975,20,2,GL
0.079029,20,2,GL
0.080398,20,2,GL
0.082132,20,2,GL
0.083947,20,2,GL
0.085206,20,2,GL
0.085241,20,2,GL
0.083883,20,2,GL
0.081756,20,2,GL
0.079918,20,2,GL
0.07919,20,2,GL
0.079685,20,2,GL
0.080791,20,2,GL
0.081727,20,2,GL
0.081991,20,2,GL
0.081208,20,2,GL
0.079234,20,2,GL
0.076712,20,2,GL
0.075186,20,2,GL
0.075818,20,2,GL
0.078246,20,2,GL
0.080982,20,2,GL
0.083435,20,2,GL
0.086611,20,2,GL
0.092137,20,2,GL
0.099869,20,2,GL
0.10717,20,2,GL
0.11061,20,2,GL
0.091577,20,2,GL
0.10129,20,3,GL
0.1024,20,3,GL
0.10185,20,3,GL
0.099642,20,3,GL
0.09673,20,3,GL
0.094252,20,3,GL
0.092552,20,3,GL
0.091159,20,3,GL
0.089562,20,3,GL
0.087432,20,3,GL
0.084657,20,3,GL
0.081323,20,3,GL
0.077707,20,3,GL
0.074239,20,3,GL
0.071412,20,3,GL
0.069797,20,3,GL
0.069868,20,3,GL
0.071458,20,3,GL
0.07384,20,3,GL
0.075926,20,3,GL
0.076934,20,3,GL
0.076805,20,3,GL
0.076058,20,3,GL
0.075307,20,3,GL
0.07484,20,3,GL
0.074517,20,3,GL
0.073976,20,3,GL
0.072953,20,3,GL
0.07153,20,3,GL
0.0701,20,3,GL
0.069106,20,3,GL
0.068818,20,3,GL
0.069278,20,3,GL
0.07039,20,3,GL
0.072058,20,3,GL
0.074204,20,3,GL
0.076781,20,3,GL
0.079683,20,3,GL
0.082592,20,3,GL
0.085065,20,3,GL
0.086865,20,3,GL
0.08804,20,3,GL
0.088629,20,3,GL
0.088474,20,3,GL
0.087499,20,3,GL
0.08607,20,3,GL
0.084808,20,3,GL
0.083965,20,3,GL
0.08337,20,3,GL
0.082894,20,3,GL
0.082648,20,3,GL
0.082693,20,3,GL
0.082771,20,3,GL
0.082366,20,3,GL
0.081082,20,3,GL
0.079075,20,3,GL
0.07731,20,3,GL
0.076812,20,3,GL
0.078381,20,3,GL
0.082011,20,3,GL
0.087024,20,3,GL
0.09244,20,3,GL
0.097268,20,3,GL
0.10063,20,3,GL
0.10229,20,3,GL
0.10294,20,3,GL
0.086782,20,3,GL
0.082138,20,4,GL
0.087838,20,4,GL
0.092793,20,4,GL
0.096768,20,4,GL
0.099613,20,4,GL
0.10121,20,4,GL
0.10148,20,4,GL
0.10022,20,4,GL
0.097646,20,4,GL
0.094478,20,4,GL
0.09162,20,4,GL
0.089773,20,4,GL
0.089121,20,4,GL
0.089479,20,4,GL
0.090312,20,4,GL
0.090608,20,4,GL
0.089211,20,4,GL
0.085414,20,4,GL
0.079438,20,4,GL
0.072507,20,4,GL
0.066305,20,4,GL
0.062181,20,4,GL
0.060537,20,4,GL
0.060715,20,4,GL
0.061821,20,4,GL
0.063103,20,4,GL
0.064214,20,4,GL
0.065025,20,4,GL
0.065508,20,4,GL
0.065687,20,4,GL
0.065569,20,4,GL
0.06514,20,4,GL
0.064451,20,4,GL
0.063683,20,4,GL
0.063026,20,4,GL
0.062555,20,4,GL
0.062233,20,4,GL
0.06195,20,4,GL
0.061634,20,4,GL
0.061425,20,4,GL
0.061717,20,4,GL
0.063058,20,4,GL
0.065839,20,4,GL
0.069755,20,4,GL
0.073949,20,4,GL
0.077373,20,4,GL
0.079342,20,4,GL
0.079761,20,4,GL
0.078932,20,4,GL
0.077318,20,4,GL
0.075446,20,4,GL
0.073893,20,4,GL
0.073171,20,4,GL
0.073422,20,4,GL
0.074315,20,4,GL
0.07527,20,4,GL
0.07569,20,4,GL
0.07532,20,4,GL
0.074269,20,4,GL
0.07281,20,4,GL
0.071293,20,4,GL
0.070171,20,4,GL
0.06986,20,4,GL
0.07048,20,4,GL
0.071911,20,4,GL
0.074111,20,4,GL
0.066035,20,4,GL
0.069789,30,1,GL
0.073215,30,1,GL
0.075556,30,1,GL
0.076141,30,1,GL
0.075007,30,1,GL
0.072925,30,1,GL
0.071217,30,1,GL
0.070695,30,1,GL
0.071236,30,1,GL
0.071998,30,1,GL
0.071959,30,1,GL
0.071123,30,1,GL
0.069997,30,1,GL
0.06858,30,1,GL
0.066487,30,1,GL
0.063728,30,1,GL
0.061042,30,1,GL
0.05942,30,1,GL
0.059253,30,1,GL
0.060385,30,1,GL
0.062535,30,1,GL
0.065128,30,1,GL
0.067155,30,1,GL
0.067695,30,1,GL
0.066703,30,1,GL
0.065213,30,1,GL
0.064379,30,1,GL
0.064451,30,1,GL
0.0648,30,1,GL
0.064698,30,1,GL
0.063942,30,1,GL
0.062782,30,1,GL
0.061606,30,1,GL
0.060807,30,1,GL
0.060577,30,1,GL
0.060848,30,1,GL
0.061556,30,1,GL
0.062712,30,1,GL
0.064216,30,1,GL
0.065864,30,1,GL
0.067414,30,1,GL
0.068688,30,1,GL
0.069753,30,1,GL
0.07094,30,1,GL
0.072474,30,1,GL
0.074066,30,1,GL
0.075098,30,1,GL
0.07518,30,1,GL
0.074531,30,1,GL
0.073897,30,1,GL
0.073778,30,1,GL
0.073839,30,1,GL
0.07342,30,1,GL
0.072441,30,1,GL
0.071453,30,1,GL
0.070974,30,1,GL
0.071002,30,1,GL
0.07109,30,1,GL
0.070657,30,1,GL
0.069401,30,1,GL
0.067574,30,1,GL
0.065836,30,1,GL
0.064692,30,1,GL
0.064162,30,1,GL
0.064266,30,1,GL
0.065228,30,1,GL
0.059994,30,1,GL
0.090429,30,2,GL
0.087951,30,2,GL
0.08437,30,2,GL
0.080503,30,2,GL
0.077063,30,2,GL
0.074913,30,2,GL
0.074454,30,2,GL
0.075387,30,2,GL
0.076765,30,2,GL
0.077431,30,2,GL
0.076679,30,2,GL
0.074636,30,2,GL
0.072022,30,2,GL
0.069705,30,2,GL
0.068437,30,2,GL
0.06878,30,2,GL
0.070649,30,2,GL
0.073258,30,2,GL
0.075445,30,2,GL
0.076391,30,2,GL
0.076189,30,2,GL
0.075549,30,2,GL
0.075096,30,2,GL
0.074965,30,2,GL
0.074908,30,2,GL
0.074645,30,2,GL
0.074035,30,2,GL
0.073102,30,2,GL
0.072075,30,2,GL
0.071376,30,2,GL
0.07134,30,2,GL
0.071945,30,2,GL
0.072925,30,2,GL
0.074009,30,2,GL
0.075122,30,2,GL
0.076295,30,2,GL
0.07748,30,2,GL
0.078475,30,2,GL
0.079134,30,2,GL
0.079623,30,2,GL
0.080218,30,2,GL
0.080836,30,2,GL
0.081108,30,2,GL
0.080833,30,2,GL
0.080192,30,2,GL
0.079556,30,2,GL
0.079199,30,2,GL
0.079194,30,2,GL
0.079492,30,2,GL
0.080031,30,2,GL
0.080618,30,2,GL
0.080718,30,2,GL
0.079726,30,2,GL
0.077636,30,2,GL
0.075096,30,2,GL
0.07278,30,2,GL
0.071072,30,2,GL
0.070346,30,2,GL
0.071159,30,2,GL
0.073723,30,2,GL
0.077492,30,2,GL
0.081721,30,2,GL
0.085786,30,2,GL
0.089334,30,2,GL
0.092085,30,2,GL
0.09361,30,2,GL
0.080888,30,2,GL
0.10915,30,3,GL
0.11064,30,3,GL
0.11039,30,3,GL
0.10781,30,3,GL
0.10349,30,3,GL
0.098738,30,3,GL
0.095421,30,3,GL
0.094398,30,3,GL
0.095452,30,3,GL
0.097165,30,3,GL
0.0981,30,3,GL
0.097969,30,3,GL
0.097284,30,3,GL
0.09639,30,3,GL
0.094965,30,3,GL
0.092379,30,3,GL
0.088531,30,3,GL
0.084187,30,3,GL
0.080584,30,3,GL
0.078886,30,3,GL
0.079533,30,3,GL
0.081712,30,3,GL
0.08402,30,3,GL
0.085366,30,3,GL
0.085689,30,3,GL
0.085802,30,3,GL
0.086495,30,3,GL
0.087728,30,3,GL
0.08872,30,3,GL
0.088804,30,3,GL
0.087959,30,3,GL
0.086601,30,3,GL
0.08512,30,3,GL
0.083747,30,3,GL
0.082697,30,3,GL
0.08223,30,3,GL
0.08264,30,3,GL
0.08405,30,3,GL
0.086323,30,3,GL
0.089086,30,3,GL
0.091769,30,3,GL
0.093972,30,3,GL
0.095713,30,3,GL
0.097265,30,3,GL
0.098843,30,3,GL
0.10042,30,3,GL
0.10164,30,3,GL
0.10191,30,3,GL
0.10067,30,3,GL
0.097833,30,3,GL
0.094231,30,3,GL
0.091329,30,3,GL
0.090066,30,3,GL
0.090263,30,3,GL
0.090976,30,3,GL
0.091215,30,3,GL
0.090325,30,3,GL
0.088224,30,3,GL
0.085521,30,3,GL
0.083372,30,3,GL
0.083212,30,3,GL
0.086063,30,3,GL
0.091548,30,3,GL
0.09805,30,3,GL
0.10382,30,3,GL
0.10792,30,3,GL
0.095402,30,3,GL
0.075557,30,4,GL
0.077014,30,4,GL
0.076268,30,4,GL
0.074174,30,4,GL
0.072059,30,4,GL
0.071001,30,4,GL
0.071618,30,4,GL
0.073999,30,4,GL
0.078002,30,4,GL
0.083704,30,4,GL
0.091033,30,4,GL
0.099017,30,4,GL
0.1054,30,4,GL
0.10748,30,4,GL
0.1038,30,4,GL
0.09515,30,4,GL
0.08426,30,4,GL
0.074324,30,4,GL
0.067548,30,4,GL
0.064502,30,4,GL
0.06413,30,4,GL
0.06483,30,4,GL
0.065363,30,4,GL
0.065289,30,4,GL
0.064946,30,4,GL
0.064951,30,4,GL
0.065565,30,4,GL
0.066498,30,4,GL
0.067266,30,4,GL
0.067553,30,4,GL
0.067329,30,4,GL
0.066744,30,4,GL
0.065978,30,4,GL
0.065176,30,4,GL
0.064501,30,4,GL
0.064157,30,4,GL
0.064316,30,4,GL
0.065036,30,4,GL
0.066202,30,4,GL
0.067519,30,4,GL
0.068665,30,4,GL
0.069524,30,4,GL
0.070195,30,4,GL
0.070879,30,4,GL
0.071653,30,4,GL
0.072337,30,4,GL
0.072617,30,4,GL
0.072318,30,4,GL
0.071615,30,4,GL
0.070989,30,4,GL
0.070896,30,4,GL
0.071396,30,4,GL
0.072191,30,4,GL
0.072859,30,4,GL
0.072986,30,4,GL
0.072275,30,4,GL
0.07074,30,4,GL
0.068718,30,4,GL
0.066648,30,4,GL
0.064929,30,4,GL
0.063915,30,4,GL
0.063799,30,4,GL
0.064573,30,4,GL
0.066097,30,4,GL
0.068285,30,4,GL
0.070973,30,4,GL
0.065035,30,4,GL
